"gram","mon_freq","chn_freq"
"   ",0,1.28874117051206e-06
"  b",0,1.28874117051206e-06
"  c",0,1.28874117051206e-06
"  d",0,3.86622351153617e-06
"  h",0,8.63456584243077e-05
"  j",0,2.57748234102411e-06
"  l",0,1.28874117051206e-06
"  n",0,2.57748234102411e-06
"  p",0,1.28874117051206e-06
"  q",0,6.44370585256028e-06
"  s",0,7.73244702307233e-06
"  t",0,2.57748234102411e-06
"  x",0,3.86622351153617e-06
"  y",0,1.28874117051206e-06
"  z",0,1.28874117051206e-06
" a ",1.6495389538624e-05,1.80423763871688e-05
" ae",0,3.86622351153617e-06
" ao",0,2.57748234102411e-06
" ap",0,3.86622351153617e-06
" at",0,1.28874117051206e-06
" b ",0,1.67536352166567e-05
" ca",1.6495389538624e-05,2.19085998987049e-05
" ce",0,4.25284586268978e-05
" cl",0,1.28874117051206e-06
" co",1.6495389538624e-05,2.19085998987049e-05
" cr",0,3.86622351153617e-06
" cu",0,5.15496468204822e-06
" d ",0,1.93311175576808e-05
" di",3.29907790772479e-05,0.000199754881429369
" dr",0,1.28874117051206e-06
" ea",1.6495389538624e-05,1.93311175576808e-05
" ec",0,1.28874117051206e-06
" et",0,1.28874117051206e-06
" fi",0,3.86622351153617e-06
" fl",0,6.44370585256028e-06
" fo",0,1.03099293640964e-05
" gr",0,3.73734939448496e-05
" h",0,2.57748234102411e-06
" ht",0,1.28874117051206e-06
" in",6.59815581544958e-05,0.000180423763871688
" j ",0,1.28874117051206e-06
" jo",0,3.86622351153617e-06
" ju",0,9.02118819358439e-06
" ka",0,7.73244702307233e-06
" ke",0,3.86622351153617e-06
" ki",0,5.15496468204822e-06
" l ",0,9.02118819358439e-06
" le",0,5.15496468204822e-06
" li",1.6495389538624e-05,0.00026934690463702
" ln",0,1.28874117051206e-06
" me",3.29907790772479e-05,5.54158703320184e-05
" mi",3.29907790772479e-05,4.51059409679219e-05
" n ",0,1.28874117051206e-06
" na",8.24769476931198e-05,0.000106965517152501
" ne",0,9.02118819358439e-06
" ni",0,1.67536352166567e-05
" o ",0,1.28874117051206e-05
" oa",0,1.28874117051206e-06
" oc",0,2.57748234102411e-06
" p ",0,1.28874117051206e-06
" pa",3.29907790772479e-05,9.02118819358439e-05
" pe",0,1.28874117051206e-05
" pi",0,8.89231407653318e-05
" pl",0,5.02609056499702e-05
" po",0,5.41271291615063e-05
" q ",0,5.15496468204822e-06
" qi",0,0.000164958869825543
" qu",0,5.79933526730425e-05
" re",1.6495389538624e-05,2.57748234102411e-05
" ro",0,4.76834233089461e-05
" ru",0,2.57748234102411e-06
" s ",0,1.28874117051206e-06
" sc",0,5.15496468204822e-06
" si",1.6495389538624e-05,3.09297880922893e-05
" sk",0,1.28874117051206e-06
" sl",0,1.28874117051206e-06
" sq",0,1.28874117051206e-05
" t ",0,1.28874117051206e-06
" th",0,3.86622351153617e-06
" ti",1.6495389538624e-05,2.83523057512652e-05
" tr",3.29907790772479e-05,4.25284586268978e-05
" tw",0,1.28874117051206e-06
" vi",0,1.28874117051206e-05
" vl",0,2.19085998987049e-05
" wa",6.59815581544958e-05,0.000113409223005061
" we",1.6495389538624e-05,6.70145408666269e-05
" wi",0,1.28874117051206e-06
" wo",0,0.000136606564074278
" wu",0,9.2789364276868e-05
" x ",0,1.67536352166567e-05
" xh",0,1.28874117051206e-06
" xi",0,0.000944647277985337
" xu",0,1.15986705346085e-05
" y ",0,3.86622351153617e-06
" ye",0,2.57748234102411e-06
" yi",1.6495389538624e-05,0.00040724220988181
" yo",0,9.02118819358439e-06
" yu",6.59815581544958e-05,0.000259036975272923
" z ",0,2.57748234102411e-06
" za",0,5.15496468204822e-06
" ze",0,9.02118819358439e-06
" zo",0,1.54648940461447e-05
" zu",0,4.38171997974099e-05
"a f",0,9.02118819358439e-06
"a i",3.29907790772479e-05,5.15496468204822e-05
"a l",8.24769476931198e-05,0.000113409223005061
"a r",1.6495389538624e-05,3.09297880922893e-05
"a w",1.6495389538624e-05,9.2789364276868e-05
"a x",0,0.000217797257816537
"a y",8.24769476931198e-05,9.79443289589162e-05
"aai",0,6.44370585256028e-06
"aan",0,9.2789364276868e-05
"abe",0,0.000126296634710181
"abo",0,4.6394682138434e-05
"abu",4.94861686158719e-05,0.000170113834507591
"aca",0,0.000139184046415302
"acc",0,1.28874117051206e-06
"ace",0,2.57748234102411e-06
"ach",0.000461870907081471,0.000872477772436662
"aci",1.6495389538624e-05,1.80423763871688e-05
"ack",0,1.28874117051206e-06
"aco",0,3.86622351153617e-06
"act",0,1.28874117051206e-06
"acu",0,0.00244087577694983
"ade",0,1.80423763871688e-05
"adi",0.000115467726770368,0.000644370585256028
"ado",0,0.0001817125050422
"adu",3.29907790772479e-05,0.000113409223005061
"ae ",0,3.86622351153617e-06
"aec",0,2.57748234102411e-06
"aeg",0,1.28874117051206e-06
"aen",0,1.28874117051206e-06
"afa",0.000379393959388351,0.000479411715430485
"afe",0,0.000140472787585814
"aff",0,1.28874117051206e-06
"afo",0,1.03099293640964e-05
"aft",0,1.28874117051206e-06
"afu",0,5.15496468204822e-05
"age",1.6495389538624e-05,0.000213931034305001
"ago",3.29907790772479e-05,0.00313679600902634
"agr",0,1.28874117051206e-06
"agu",0.000214440064002111,0.000444615703826659
"ah",0,2.57748234102411e-06
"ahe",8.24769476931198e-05,0.000618595761845787
"aho",4.94861686158719e-05,0.000105676775981989
"ahu",9.89723372317437e-05,0.000430439550951027
"aia",0,5.28383879909943e-05
"aib",0,0.00017526879918964
"aic",4.94861686158719e-05,0.000800308266887986
"aid",0,0.000252593269420363
"aif",0,0.000114697964175573
"aig",0,0.000506475280011238
"aih",0.000181449284924863,0.000323474033798526
"aij",6.59815581544958e-05,0.00087118903126615
"aik",8.24769476931198e-05,8.37681760832836e-05
"ail",6.59815581544958e-05,0.000493587868306117
"aim",0,0.000283523057512652
"aip",0,0.00028223431634214
"aiq",1.6495389538624e-05,0.000128874117051206
"ais",0.000115467726770368,0.000774533443477745
"ait",0.000181449284924863,0.000342805151356207
"aiw",3.29907790772479e-05,0.000152071458120423
"aix",0,0.00013145159939223
"aiy",0.00016495389538624,0.000722983796657263
"aiz",0,0.00111862733600446
"aji",4.94861686158719e-05,0.00147303115789528
"ako",0.000197944674463487,0.000380178645301056
"aku",3.29907790772479e-05,0.000134029081733254
"ali",0.00103920954093331,0.00212126796666284
"alo",3.29907790772479e-05,0.00033249522199211
"alu",0.000131963116308992,0.000202332363770393
"am",0,2.57748234102411e-06
"ame",6.59815581544958e-05,8.76343995948198e-05
"amo",0,3.22185292628014e-05
"anb",0.00062682480246771,0.000774533443477745
"anc",0.000362898569849727,0.00497969588285858
"ane",4.94861686158719e-05,8.24794349127715e-05
"anf",0,0.00050132031532919
"ang",0.00260627154710258,0.0346478063692166
"anh",0.000923741814162941,0.00134157955850305
"anj",0.000263926232617983,0.00323216285564424
"ank",0.000115467726770368,0.000393066057006177
"anl",4.94861686158719e-05,0.00196919650854242
"anm",6.59815581544958e-05,0.000842836725514884
"anp",0.000131963116308992,0.000905985042869975
"anq",0.000181449284924863,0.000795153302205938
"anr",0,7.47469878896992e-05
"ans",0.000230935453540735,0.00195115413215525
"anw",0.000131963116308992,0.00109285251259422
"anx",0,0.000806751972740547
"any",1.6495389538624e-05,0.00191120315586938
"anz",0.000230935453540735,0.0052915712461225
"aoa",0,0.00015078271694991
"aob",0,0.000567046115025304
"aoc",3.29907790772479e-05,0.00199626007312317
"aod",0,0.000728138761339311
"aof",0,0.000274501869319068
"aog",0,0.00196017532034884
"aoh",3.29907790772479e-05,0.00110445118312883
"aoj",0.000148458505847616,0.00302080930368026
"aok",0.000214440064002111,0.000320896551457502
"aol",0.00105570493047193,0.00150911591066962
"aom",8.24769476931198e-05,0.000581222267900937
"aon",3.29907790772479e-05,0.000242283340056266
"aoo",0,1.28874117051206e-06
"aoq",0,0.000445904444997171
"aor",1.6495389538624e-05,3.35072704333134e-05
"aos",4.94861686158719e-05,0.00111862733600446
"aot",9.89723372317437e-05,0.000826083090298228
"aow",1.6495389538624e-05,0.00102970419523913
"aox",0,0.00060184212662913
"aoy",8.24769476931198e-05,0.00167665226283618
"aoz",0,0.00343449521941463
"ap",0,2.57748234102411e-06
"ap ",0,3.86622351153617e-06
"apa",6.59815581544958e-05,0.000190733693235784
"ape",0,6.83032820371389e-05
"api",1.6495389538624e-05,0.00100650685416992
"apo",1.6495389538624e-05,0.000123719152369157
"aqi",0,0.000387911092324129
"aqu",0,0.000240994598885754
"are",0,2.44860822397291e-05
"arr",0,1.28874117051206e-06
"asi",3.29907790772479e-05,6.83032820371389e-05
"aso",1.6495389538624e-05,5.79933526730425e-05
"ato",0.000131963116308992,0.000327340257310062
"atr",0,1.28874117051206e-06
"atu",0.000148458505847616,0.000672722891007293
"aun",0,3.86622351153617e-06
"aur",0,1.28874117051206e-06
"aut",0,1.28874117051206e-06
"ave",0,2.57748234102411e-06
"aw ",0,7.73244702307233e-06
"awa",0,0.00198079517907703
"awe",0,0.000104388034811477
"awo",0,9.53668466178921e-05
"aws",0,1.28874117051206e-06
"awu",6.59815581544958e-05,0.000211353551963977
"ax ",0,2.57748234102411e-06
"axi",0,0.000563179891513768
"axu",0,7.21695055486751e-05
"ayi",4.94861686158719e-05,0.00100650685416992
"ayo",0,4.38171997974099e-05
"ayu",3.29907790772479e-05,0.0012938961351941
"az",0,5.15496468204822e-06
"az ",1.6495389538624e-05,4.89721644794581e-05
"aze",0,1.41761528756326e-05
"azh",0.000296917011695231,0.00603775238384898
"azi",0,0.000221663481328074
"azo",0,1.54648940461447e-05
"azu",0,0.000212642293134489
"b a",0,1.28874117051206e-06
"b p",0,2.57748234102411e-06
"b r",0,1.28874117051206e-06
"b w",0,1.28874117051206e-06
"b x",0,7.73244702307233e-06
"b y",0,7.73244702307233e-06
"b z",0,2.57748234102411e-06
"bac",0,0.000195888657917832
"bae",0,3.86622351153617e-06
"baf",0,1.41761528756326e-05
"bah",1.6495389538624e-05,4.12397174563858e-05
"bai",0.000230935453540735,0.00253882010590875
"baj",0,5.28383879909943e-05
"bak",0,1.41761528756326e-05
"ban",0.00016495389538624,0.000692054008564974
"bao",0,0.000672722891007293
"bap",0,3.22185292628014e-05
"baq",0,4.6394682138434e-05
"baw",0,3.35072704333134e-05
"bax",0,2.19085998987049e-05
"baz",3.29907790772479e-05,0.000105676775981989
"bea",0,5.15496468204822e-06
"bec",0,1.28874117051206e-06
"bei",0,0.00391777315835665
"bia",0,0.000497454091817653
"bie",0,2.19085998987049e-05
"bih",0,1.28874117051206e-06
"bij",1.6495389538624e-05,5.41271291615063e-05
"bim",0,5.15496468204822e-06
"bin",8.24769476931198e-05,0.000103099293640964
"biq",0,1.28874117051206e-06
"bis",0,2.06198587281929e-05
"biw",0,6.44370585256028e-06
"bix",0,5.15496468204822e-06
"biz",0,2.44860822397291e-05
"bl ",0,2.57748234102411e-06
"boa",0,1.28874117051206e-06
"bob",0,6.44370585256028e-06
"boc",0,6.31483173550907e-05
"bof",0,5.15496468204822e-06
"boj",0,3.47960116038255e-05
"bop",0,2.57748234102411e-06
"bou",0,2.57748234102411e-06
"bow",0,6.44370585256028e-06
"box",0,6.44370585256028e-06
"boy",0,1.41761528756326e-05
"boz",0,9.66555877884042e-05
"bp ",0,7.73244702307233e-06
"bra",0,5.15496468204822e-06
"bri",0,3.86622351153617e-06
"bst",0,1.28874117051206e-06
"bua",0,2.57748234102411e-06
"buc",0,0.000322185292628014
"buf",0,1.28874117051206e-06
"buj",1.6495389538624e-05,4.38171997974099e-05
"buk",3.29907790772479e-05,5.79933526730425e-05
"bup",0,3.86622351153617e-06
"buw",0,1.41761528756326e-05
"bux",0,1.67536352166567e-05
"buz",0,0.000173980058019127
"c a",0,2.57748234102411e-06
"c c",0,1.28874117051206e-06
"c d",0,2.57748234102411e-06
"c f",0,1.28874117051206e-06
"c i",0,2.57748234102411e-06
"c j",0,1.28874117051206e-06
"c m",0,1.28874117051206e-06
"c p",0,3.86622351153617e-06
"c q",0,2.57748234102411e-06
"c x",0,2.57748234102411e-06
"c y",0,2.57748234102411e-06
"c z",0,2.57748234102411e-06
"ca ",0,4.25284586268978e-05
"cai",0,0.000715251349634191
"cal",1.6495389538624e-05,3.35072704333134e-05
"can",0,0.000278368092830604
"cao",0,0.00155422185163754
"cap",0,2.57748234102411e-06
"cay",0,1.28874117051206e-06
"cc ",0,1.28874117051206e-06
"cco",0,1.28874117051206e-06
"ce ",0,2.57748234102411e-06
"cea",0,3.86622351153617e-06
"cec",0,9.02118819358439e-06
"ceg",0,1.28874117051206e-06
"cej",0,1.28874117051206e-06
"cek",0,1.28874117051206e-06
"cel",0,3.86622351153617e-06
"cem",0,2.57748234102411e-06
"cen",1.6495389538624e-05,6.57257996961148e-05
"cep",0,2.57748234102411e-06
"ceq",0,1.28874117051206e-06
"ces",0,3.86622351153617e-06
"cet",0,3.86622351153617e-06
"cew",0,1.28874117051206e-06
"cey",0,2.57748234102411e-06
"cha",0.00105570493047193,0.0038700897350477
"che",0.000197944674463487,0.00446677689699478
"cia",0,6.44370585256028e-06
"cib",0,7.73244702307233e-06
"cic",0,1.41761528756326e-05
"cid",0,2.57748234102411e-06
"cif",0,5.15496468204822e-06
"cig",0,2.19085998987049e-05
"cih",0,3.86622351153617e-06
"cij",0,9.02118819358439e-06
"cil",0,1.67536352166567e-05
"cim",0,7.73244702307233e-06
"cip",0,7.73244702307233e-06
"ciq",0,5.15496468204822e-06
"cis",0,9.02118819358439e-06
"cit",1.6495389538624e-05,6.05708350140666e-05
"ciu",0,1.28874117051206e-06
"civ",0,1.28874117051206e-06
"ciw",0,1.41761528756326e-05
"ciy",0,5.67046115025304e-05
"ciz",0,1.15986705346085e-05
"ck ",0,1.28874117051206e-06
"ckt",0,1.28874117051206e-06
"cku",0,1.28874117051206e-06
"cl ",0,1.28874117051206e-06
"clu",0,1.28874117051206e-06
"co ",0,3.86622351153617e-06
"coa",0,1.28874117051206e-06
"col",0,1.28874117051206e-06
"com",0,5.15496468204822e-06
"con",0,5.79933526730425e-05
"cop",0,1.28874117051206e-06
"cou",0,7.73244702307233e-06
"cp ",0,1.28874117051206e-06
"cra",0,1.28874117051206e-06
"cro",0,1.28874117051206e-05
"cry",0,1.28874117051206e-06
"cti",0,1.28874117051206e-06
"cto",0,1.28874117051206e-06
"ctr",0,2.57748234102411e-06
"ctu",0,1.28874117051206e-06
"cu ",0,5.79933526730425e-05
"cui",0,0.000509052762352262
"cuj",0,2.57748234102411e-06
"cul",0,7.73244702307233e-06
"cun",0,0.000404664727540785
"cuo",0,1.41761528756326e-05
"cur",0,1.28874117051206e-05
"cut",0,1.28874117051206e-06
"cuw",0,1.28874117051206e-06
"cuz",0,1.28874117051206e-06
"cyt",0,1.28874117051206e-06
"d c",0,5.15496468204822e-06
"d d",0,6.44370585256028e-06
"d e",0,2.57748234102411e-06
"d f",0,2.57748234102411e-06
"d i",0,5.15496468204822e-06
"d l",0,5.15496468204822e-06
"d p",0,2.06198587281929e-05
"d s",0,2.70635645807532e-05
"d w",0,2.57748234102411e-06
"d x",0,1.93311175576808e-05
"d y",0,3.86622351153617e-06
"d z",0,3.86622351153617e-06
"dac",0,0.000359558786572863
"dad",4.94861686158719e-05,0.000291255504535725
"dae",0,1.15986705346085e-05
"daf",0,0.000154648940461447
"dah",0.000131963116308992,0.000471679268407412
"dai",0.000280421622156607,0.00033249522199211
"daj",0,0.000207487328452441
"dak",0,6.05708350140666e-05
"dam",0.000214440064002111,0.00033249522199211
"dan",0.000346403180311103,0.000648236808767564
"dao",0,0.00123848026486209
"dap",0,0.00023841711654473
"daq",9.89723372317437e-05,0.000177846281530664
"das",0.000461870907081471,0.000634060655891931
"dat",0.000214440064002111,0.000317030327945966
"daw",0,0.000590243456094521
"dax",0,0.000329917739651086
"day",0.000181449284924863,0.000728138761339311
"daz",0,0.000735871208362384
"ddl",0,5.15496468204822e-06
"dea",0,1.28874117051206e-06
"dec",1.6495389538624e-05,1.80423763871688e-05
"def",0,6.44370585256028e-06
"dej",0,2.57748234102411e-06
"dek",0,1.28874117051206e-06
"deq",0,1.28874117051206e-06
"des",1.6495389538624e-05,1.80423763871688e-05
"dew",0,2.57748234102411e-06
"dex",0,3.86622351153617e-06
"dez",0,1.80423763871688e-05
"dia",0,0.00308009139752381
"dib",0,2.83523057512652e-05
"dic",0,0.000197177399088344
"did",0,2.83523057512652e-05
"die",0,3.22185292628014e-05
"dif",0,2.44860822397291e-05
"dig",0,0.000139184046415302
"dih",0,3.22185292628014e-05
"dij",0,8.37681760832836e-05
"dik",0,5.79933526730425e-05
"dil",0,7.21695055486751e-05
"dim",0,6.31483173550907e-05
"din",0,0.000862167843072565
"dip",0,4.25284586268978e-05
"diq",0,2.96410469217773e-05
"dir",0,1.28874117051206e-06
"dis",6.59815581544958e-05,0.000117275446516597
"dit",0,3.09297880922893e-05
"diw",0,5.79933526730425e-05
"dix",0,7.73244702307233e-05
"diz",0,9.15006231063559e-05
"dl ",0,5.15496468204822e-06
"don",0.000263926232617983,0.00735355711894179
"dou",0,0.000351826339549791
"dow",0,2.57748234102411e-06
"dsh",0,2.57748234102411e-06
"dta",0,1.28874117051206e-06
"dua",0,0.000447193186167683
"duc",1.6495389538624e-05,0.000112120481834549
"dud",0,2.3197341069217e-05
"due",0,1.28874117051206e-06
"duf",0,3.86622351153617e-06
"duh",1.6495389538624e-05,1.93311175576808e-05
"dui",0,0.000158515163972983
"duj",0,0.00023841711654473
"duk",0,3.99509762858737e-05
"duo",0,0.000106965517152501
"dup",0,5.15496468204822e-06
"duq",0,1.93311175576808e-05
"dus",0,5.02609056499702e-05
"duw",0,1.15986705346085e-05
"dux",0,9.02118819358439e-06
"duy",1.6495389538624e-05,3.35072704333134e-05
"duz",0,0.000114697964175573
"dwo",0,1.28874117051206e-06
"dyn",0,1.15986705346085e-05
"e  ",3.29907790772479e-05,0.000108254258323013
"e f",0,1.03099293640964e-05
"e j",1.6495389538624e-05,3.73734939448496e-05
"e p",0,2.06198587281929e-05
"e r",0,1.41761528756326e-05
"e v",0,7.73244702307233e-06
"e w",0,1.80423763871688e-05
"e x",0,7.08807643781631e-05
"e y",1.6495389538624e-05,2.44860822397291e-05
"e z",3.29907790772479e-05,4.51059409679219e-05
"ea ",1.6495389538624e-05,1.80423763871688e-05
"eac",0,3.86622351153617e-06
"eak",0,2.57748234102411e-06
"ean",0,7.73244702307233e-06
"ear",0,3.86622351153617e-06
"eas",0,2.57748234102411e-05
"eau",0,1.28874117051206e-06
"eav",0,2.57748234102411e-06
"eba",0,3.73734939448496e-05
"ebi",0,1.41761528756326e-05
"ebo",0,2.57748234102411e-06
"ec ",0,2.57748234102411e-06
"eca",0,2.3197341069217e-05
"ecc",0,1.28874117051206e-06
"ece",0,2.57748234102411e-06
"eci",0,2.57748234102411e-06
"eco",0,1.28874117051206e-06
"ect",0,5.15496468204822e-06
"ecu",0,0.00138281927595944
"eda",1.6495389538624e-05,0.000164958869825543
"edb",0,1.28874117051206e-06
"edi",3.29907790772479e-05,0.000140472787585814
"edo",4.94861686158719e-05,0.000139184046415302
"edu",0,7.86132114012354e-05
"ef ",0,1.28874117051206e-06
"efa",0,3.86622351153617e-05
"efe",0,1.54648940461447e-05
"efo",0,3.47960116038255e-05
"efu",0,1.54648940461447e-05
"ega",0,7.21695055486751e-05
"ego",8.24769476931198e-05,0.000289966763365212
"egu",1.6495389538624e-05,7.86132114012354e-05
"eh",0,2.57748234102411e-06
"eia",0,3.09297880922893e-05
"eib",0,0.00013145159939223
"eic",1.6495389538624e-05,0.000570912338536841
"eid",1.6495389538624e-05,0.0002886780221947
"eie",0,6.44370585256028e-06
"eif",0,9.66555877884042e-05
"eig",1.6495389538624e-05,0.000537405068103527
"eih",0,0.000274501869319068
"eij",0,0.000634060655891931
"eik",0,6.18595761845787e-05
"eil",4.94861686158719e-05,0.000528383879909943
"eim",0,0.00013789530524479
"ein",1.6495389538624e-05,4.38171997974099e-05
"eip",1.6495389538624e-05,0.000130162858221718
"eiq",0,0.000130162858221718
"eir",0,1.41761528756326e-05
"eis",1.6495389538624e-05,0.000572201079707353
"eit",6.59815581544958e-05,0.000309297880922893
"eiw",0,0.000244860822397291
"eix",0,0.000250015787079339
"eiy",3.29907790772479e-05,0.000500031574158678
"eiz",0,0.000936914830962264
"ej ",0,3.86622351153617e-06
"eji",6.59815581544958e-05,0.0012191491473044
"eju",0,5.15496468204822e-06
"eko",9.89723372317437e-05,0.000296410469217773
"eku",1.6495389538624e-05,1.67536352166567e-05
"ela",3.29907790772479e-05,9.15006231063559e-05
"ell",0,2.57748234102411e-06
"elo",4.94861686158719e-05,0.000121141670028133
"elu",6.59815581544958e-05,8.89231407653318e-05
"ely",0,1.28874117051206e-06
"ema",3.29907790772479e-05,7.47469878896992e-05
"emu",0,3.86622351153617e-06
"enc",0.000131963116308992,0.00042012962158693
"enf",0,4.76834233089461e-05
"eng",0.00217739141909836,0.00618080265377582
"enj",0.000131963116308992,0.00108898628908269
"enl",0,0.00026934690463702
"enm",1.6495389538624e-05,0.000173980058019127
"enq",6.59815581544958e-05,0.000117275446516597
"enr",0,3.86622351153617e-06
"ens",0.000131963116308992,0.000210064810793465
"enx",0,0.000115986705346085
"eny",0,0.000265480681125483
"enz",3.29907790772479e-05,0.000737159949532896
"eon",0,2.57748234102411e-06
"eop",0,1.28874117051206e-06
"epa",4.94861686158719e-05,6.57257996961148e-05
"epe",0,1.03099293640964e-05
"epi",0,9.2789364276868e-05
"epo",0,1.67536352166567e-05
"ept",0,1.28874117051206e-06
"eq ",0,2.57748234102411e-06
"eqi",0,0.00010052181129994
"equ",0,3.60847527743376e-05
"era",0,2.83523057512652e-05
"erc",4.94861686158719e-05,0.000121141670028133
"erf",0,1.67536352166567e-05
"erj",0,3.09297880922893e-05
"ern",1.6495389538624e-05,7.99019525717474e-05
"erp",0,5.79933526730425e-05
"erq",1.6495389538624e-05,2.3197341069217e-05
"erw",0,5.02609056499702e-05
"erx",0,1.67536352166567e-05
"ery",3.29907790772479e-05,5.92820938435546e-05
"erz",0,0.000136606564074278
"esh",0.000115467726770368,0.000371157457107472
"esu",1.6495389538624e-05,1.80423763871688e-05
"eta",9.89723372317437e-05,0.000429150809780515
"eto",3.29907790772479e-05,0.000139184046415302
"etr",0,1.15986705346085e-05
"etu",1.6495389538624e-05,0.000108254258323013
"eu ",0,2.57748234102411e-06
"ew",0,2.57748234102411e-06
"ewa",0,0.00018815621089476
"ewo",0,7.73244702307233e-06
"ex ",0,3.86622351153617e-06
"exe",0,1.28874117051206e-06
"exh",0,1.28874117051206e-06
"exi",0,0.000167536352166567
"exu",0,2.57748234102411e-06
"eya",1.6495389538624e-05,0.000125007893539669
"eye",0,7.73244702307233e-06
"eyi",3.29907790772479e-05,9.02118819358439e-05
"eyu",0,8.37681760832836e-05
"ez ",0,1.15986705346085e-05
"eza",0,1.28874117051206e-06
"eze",0,7.73244702307233e-06
"ezh",0.000131963116308992,0.00186351973256043
"ezi",0,6.31483173550907e-05
"ezu",0,1.93311175576808e-05
"f a",0,1.28874117051206e-06
"f c",0,1.28874117051206e-06
"f d",0,5.15496468204822e-06
"f f",0,1.28874117051206e-06
"f h",0,6.44370585256028e-06
"f k",0,1.28874117051206e-06
"f p",0,2.57748234102411e-06
"f q",0,6.44370585256028e-06
"f r",0,1.28874117051206e-06
"f s",0,1.28874117051206e-05
"f t",0,1.28874117051206e-06
"f x",0,1.28874117051206e-06
"f z",0,1.28874117051206e-06
"fab",0,1.28874117051206e-06
"fac",0,5.15496468204822e-06
"fad",0,3.86622351153617e-06
"fag",0,6.44370585256028e-06
"fah",0,1.28874117051206e-06
"faj",0,3.86622351153617e-06
"fak",0,1.28874117051206e-06
"fal",0,5.15496468204822e-06
"fam",0,5.15496468204822e-06
"fan",0,0.00316901453828914
"faq",0,2.57748234102411e-06
"far",0,1.28874117051206e-06
"fas",0,9.02118819358439e-06
"fat",0,3.86622351153617e-06
"faw",0,3.86622351153617e-06
"fax",0,1.28874117051206e-06
"fay",0,9.02118819358439e-06
"faz",0,6.44370585256028e-06
"fe ",0,2.06198587281929e-05
"fec",0,1.28874117051206e-06
"fei",0,6.57257996961148e-05
"fen",3.29907790772479e-05,0.00211740174315131
"ffi",0,1.28874117051206e-06
"fi ",0,2.57748234102411e-06
"fin",0,3.86622351153617e-06
"fit",0,9.02118819358439e-06
"fla",0,1.28874117051206e-06
"flo",0,6.44370585256028e-06
"fo ",0,5.15496468204822e-06
"foa",0,2.57748234102411e-06
"fob",0,2.57748234102411e-06
"foc",0,1.54648940461447e-05
"fod",0,2.3197341069217e-05
"foe",0,1.28874117051206e-06
"fog",0,1.80423763871688e-05
"foh",0,1.28874117051206e-06
"foj",0,3.86622351153617e-06
"fok",0,3.86622351153617e-06
"fol",0,7.73244702307233e-06
"fom",0,3.86622351153617e-06
"fop",0,7.73244702307233e-06
"for",0,9.02118819358439e-06
"fos",0,6.70145408666269e-05
"fot",0,4.51059409679219e-05
"fou",0,1.15986705346085e-05
"fow",0,2.57748234102411e-06
"fox",0,1.28874117051206e-06
"foy",0,2.83523057512652e-05
"foz",0,1.41761528756326e-05
"fto",0,1.28874117051206e-06
"ftw",0,1.28874117051206e-06
"fua",0,1.15986705346085e-05
"fub",0,7.73244702307233e-06
"fuc",0,0.000127585375880694
"fud",0,3.47960116038255e-05
"fue",0,5.15496468204822e-06
"fuf",0,7.73244702307233e-06
"fug",0,5.28383879909943e-05
"fuh",0,1.80423763871688e-05
"fuj",0,0.000199754881429369
"fuk",0,5.15496468204822e-06
"ful",0,8.89231407653318e-05
"fum",0,3.60847527743376e-05
"fup",0,1.15986705346085e-05
"fuq",0,2.19085998987049e-05
"fus",0,6.70145408666269e-05
"fut",0,6.05708350140666e-05
"fuw",0,2.57748234102411e-05
"fux",0,2.44860822397291e-05
"fuy",0,7.86132114012354e-05
"fuz",0,0.000186867469724248
"g j",0,2.57748234102411e-06
"g q",0,1.28874117051206e-06
"g x",0,1.03099293640964e-05
"gao",0.000131963116308992,0.00233391025979733
"gau",0,2.57748234102411e-06
"gb ",0,6.44370585256028e-06
"gba",0,0.00042012962158693
"gbe",0,0.000230684669521658
"gbi",0,0.000118564187687109
"gbo",0,2.96410469217773e-05
"gbu",1.6495389538624e-05,0.000114697964175573
"gca",0,0.000278368092830604
"gce",0,6.44370585256028e-06
"gch",0.000197944674463487,0.00119079684155314
"gci",0,1.93311175576808e-05
"gco",0,3.86622351153617e-06
"gcu",0,0.0057722717027235
"gd ",3.29907790772479e-05,3.35072704333134e-05
"gda",4.94861686158719e-05,0.000474256750748436
"gde",1.6495389538624e-05,3.35072704333134e-05
"gdi",3.29907790772479e-05,0.000684321561541902
"gdo",3.29907790772479e-05,0.000356981304231839
"gdu",1.6495389538624e-05,0.00014433901109735
"gea",0,6.44370585256028e-06
"gec",0,6.18595761845787e-05
"ged",4.94861686158719e-05,0.000268058163466508
"gef",0,3.86622351153617e-06
"gej",0,8.11906937422595e-05
"gek",0,6.44370585256028e-06
"gem",0,1.03099293640964e-05
"gep",0,3.86622351153617e-06
"geq",0,6.44370585256028e-06
"gew",0,1.03099293640964e-05
"gex",0,9.02118819358439e-06
"gey",1.6495389538624e-05,2.96410469217773e-05
"gez",6.59815581544958e-05,0.00100135188948787
"gf ",0,7.73244702307233e-06
"gfa",0,0.000390488574665153
"gfe",1.6495389538624e-05,0.00032605151613955
"gfo",0,2.06198587281929e-05
"gfu",0,0.000134029081733254
"gg ",0,1.15986705346085e-05
"gga",0,0.000663701702813709
"gge",0,0.000400798504029249
"ggo",1.6495389538624e-05,0.00219730369572305
"ggu",0,0.000887942666482806
"gh ",1.6495389538624e-05,3.99509762858737e-05
"gha",0.00016495389538624,0.000247438304738315
"ghe",0,0.000479411715430485
"gho",4.94861686158719e-05,0.000233262151862682
"ghs",0,1.28874117051206e-06
"ghu",0.000131963116308992,0.000817061902104643
"gis",0,1.28874117051206e-06
"gj ",0,7.73244702307233e-06
"gji",0,0.00788065225768122
"gju",0,0.000113409223005061
"gk ",0,3.86622351153617e-06
"gko",0,0.000337650186674159
"gku",4.94861686158719e-05,7.86132114012354e-05
"gl ",1.6495389538624e-05,3.22185292628014e-05
"gla",6.59815581544958e-05,0.00027579061048958
"gle",3.29907790772479e-05,6.57257996961148e-05
"gli",0,0.00162768009835673
"glo",3.29907790772479e-05,0.00104130286577374
"glu",0,0.000304142916240845
"gm ",0,1.03099293640964e-05
"gma",0,0.00041368591573437
"gme",0,0.000239705857715242
"gmi",0,0.000917583713404584
"gmn",0,1.28874117051206e-06
"gmo",0,1.93311175576808e-05
"gmu",1.6495389538624e-05,7.60357290602113e-05
"gn ",0,2.57748234102411e-06
"gna",6.59815581544958e-05,0.000297699210388285
"gni",8.24769476931198e-05,0.000278368092830604
"gno",1.6495389538624e-05,1.67536352166567e-05
"gon",0.000230935453540735,0.000648236808767564
"goo",0,3.86622351153617e-06
"gou",0,0.00354403821890815
"gp ",0,6.44370585256028e-06
"gpa",8.24769476931198e-05,0.000195888657917832
"gpe",1.6495389538624e-05,5.41271291615063e-05
"gpi",0,0.000546426256297111
"gpo",1.6495389538624e-05,0.00014433901109735
"gq ",0,1.54648940461447e-05
"gqi",0,0.000704941420270094
"gqu",0,0.000480700456600997
"gr ",0,1.28874117051206e-06
"gra",1.6495389538624e-05,7.08807643781631e-05
"gri",0,1.03099293640964e-05
"gru",0,2.44860822397291e-05
"gsa",8.24769476931198e-05,9.02118819358439e-05
"gsh",0.000346403180311103,0.0032708250907596
"gsi",1.6495389538624e-05,0.000162381387484519
"gso",1.6495389538624e-05,5.54158703320184e-05
"gsu",0,7.73244702307233e-05
"gta",0.000412384738465599,0.000994908183635307
"gti",0.00016495389538624,0.000243572081226778
"gto",0.000148458505847616,0.000521940174057382
"gtu",8.24769476931198e-05,0.000686899043882926
"gtz",0,3.86622351153617e-06
"gua",0,0.0035917216422171
"gub",0,1.54648940461447e-05
"guc",6.59815581544958e-05,0.000242283340056266
"gud",1.6495389538624e-05,0.000184289987383224
"gue",0,2.57748234102411e-06
"guf",0,1.80423763871688e-05
"gug",1.6495389538624e-05,3.47960116038255e-05
"guh",1.6495389538624e-05,2.70635645807532e-05
"gui",0,0.000171402575678103
"guj",0,0.000106965517152501
"guk",0,7.73244702307233e-06
"guo",0,0.0015825741573888
"gup",0,1.54648940461447e-05
"guq",1.6495389538624e-05,2.19085998987049e-05
"gus",0,0.000173980058019127
"gut",8.24769476931198e-05,9.79443289589162e-05
"guw",0,2.19085998987049e-05
"gux",0,0.000101810552470452
"guz",0,0.000180423763871688
"gw ",0,2.06198587281929e-05
"gwa",8.24769476931198e-05,0.00140601661702865
"gwe",1.6495389538624e-05,0.000207487328452441
"gwo",0,8.50569172537957e-05
"gwu",8.24769476931198e-05,0.000141761528756326
"gx ",0,1.03099293640964e-05
"gxi",0,0.00112120481834549
"gxu",0,0.00010052181129994
"gy ",1.6495389538624e-05,3.73734939448496e-05
"gya",1.6495389538624e-05,0.00117662068867751
"gye",0,3.09297880922893e-05
"gyi",0,0.000815773160934131
"gyo",0,6.70145408666269e-05
"gyu",0,0.000748758620067504
"gz ",0,5.15496468204822e-05
"gza",0,3.35072704333134e-05
"gze",0,4.89721644794581e-05
"gzh",1.6495389538624e-05,0.00638700124105775
"gzi",0,0.000408530951052322
"gzo",0,6.44370585256028e-06
"gzu",0,0.00015078271694991
"h f",0,1.28874117051206e-06
"h i",0,5.15496468204822e-06
"h l",1.6495389538624e-05,2.57748234102411e-05
"h p",0,7.73244702307233e-06
"h r",0,3.86622351153617e-06
"h w",0,1.67536352166567e-05
"h x",0,3.99509762858737e-05
"h y",0,3.60847527743376e-05
"h z",1.6495389538624e-05,1.93311175576808e-05
"hac",0.000148458505847616,0.00019459991674732
"hai",0.000742292529238078,0.00157226422802471
"han",0.00445375517542847,0.0154416967050754
"hao",0.000659815581544958,0.00299503448027002
"haw",1.6495389538624e-05,0.000155937681631959
"hax",0,1.93311175576808e-05
"haz",1.6495389538624e-05,0.000139184046415302
"hea",0,1.41761528756326e-05
"heb",8.24769476931198e-05,0.000248727045908827
"hec",4.94861686158719e-05,0.00100264063065838
"hed",1.6495389538624e-05,0.00031960781028699
"hef",0,2.44860822397291e-05
"heh",6.59815581544958e-05,7.21695055486751e-05
"hei",0.000428880128004223,0.000585088491412473
"hej",1.6495389538624e-05,0.000559313668002232
"hek",1.6495389538624e-05,0.000308009139752381
"hel",0.000181449284924863,0.000197177399088344
"hem",1.6495389538624e-05,5.79933526730425e-05
"hen",0.000379393959388351,0.00669887660432167
"hep",1.6495389538624e-05,0.000123719152369157
"heq",0,7.21695055486751e-05
"hes",3.29907790772479e-05,0.000161092646314007
"het",0.00016495389538624,0.00033249522199211
"hew",0,0.000140472787585814
"hex",0,0.000211353551963977
"hez",0,0.000530961362250967
"hib",0.000263926232617983,0.000358270045402351
"hic",3.29907790772479e-05,0.000469101786066388
"hid",3.29907790772479e-05,0.000162381387484519
"hie",3.29907790772479e-05,5.02609056499702e-05
"hif",0,0.000257748234102411
"hih",0.000131963116308992,0.000293832986876749
"hij",1.6495389538624e-05,0.000778399666989282
"him",3.29907790772479e-05,0.000421418362757442
"hip",0,0.000224240963669098
"hiq",0,0.000243572081226778
"his",0.000181449284924863,0.00022552970483961
"hiw",1.6495389538624e-05,0.000176557540360152
"hix",0,7.86132114012354e-05
"hiz",0,0.000654680514620124
"hn ",0,1.28874117051206e-06
"hns",0,3.86622351153617e-06
"hon",0.00239183148310047,0.00267671541115354
"hou",0,0.00413557041617319
"hua",0.000131963116308992,0.0288858445958572
"huc",8.24769476931198e-05,0.000333783963162622
"huf",0,3.99509762858737e-05
"hug",0.000181449284924863,0.000577356044389401
"hui",0.000197944674463487,0.00237772745959474
"huj",0.000824769476931198,0.00084025924317386
"hum",8.24769476931198e-05,0.000121141670028133
"huo",0.000214440064002111,0.000662412961643197
"hup",0,0.000264191939954971
"huq",6.59815581544958e-05,7.73244702307233e-05
"huw",0,0.000260325716443435
"hux",0,8.37681760832836e-05
"huz",3.29907790772479e-05,0.000613440797163738
"hvd",0,7.73244702307233e-06
"i f",1.6495389538624e-05,1.80423763871688e-05
"i l",3.29907790772479e-05,9.02118819358439e-05
"i p",0,0.000154648940461447
"i v",0,1.28874117051206e-06
"i w",1.6495389538624e-05,0.000168825093337079
"i x",0,0.000126296634710181
"i y",4.94861686158719e-05,0.000386622351153617
"ia ",6.59815581544958e-05,0.000386622351153617
"iaa",0,0.000161092646314007
"iab",0,0.000829949313809764
"iac",0,0.00162123639250417
"iad",1.6495389538624e-05,0.000586377232582985
"iae",0,7.73244702307233e-06
"iaf",0,0.000215219775475513
"iag",0,0.00284940672800215
"iah",0,0.00117662068867751
"iai",0,6.44370585256028e-06
"iaj",0,0.000433017033292051
"iak",1.6495389538624e-05,0.000304142916240845
"ial",8.24769476931198e-05,0.00125007893539669
"iam",0,0.000414974656904882
"ian",6.59815581544958e-05,0.0124299085895888
"iao",0.000115467726770368,0.00730845117797387
"iap",0,0.00144725633448504
"iaq",0,0.000306720398581869
"iar",0,9.02118819358439e-06
"ias",0.000148458505847616,0.00138410801712995
"iat",1.6495389538624e-05,0.00107094391269552
"iaw",0,0.00185449854436685
"iax",0,0.000198466140258857
"iay",0,0.00270120149339327
"iaz",0,0.00480442708366894
"iba",4.94861686158719e-05,0.000539982550444551
"ibo",0,3.73734939448496e-05
"ibu",0,0.000136606564074278
"ic ",0,3.86622351153617e-06
"ica",1.6495389538624e-05,0.000336361445503646
"ice",0,3.86622351153617e-06
"ich",0.00054434785477459,0.000996196924805819
"ici",0,1.41761528756326e-05
"ick",0,1.28874117051206e-06
"ico",0,2.57748234102411e-06
"icu",0,0.00360847527743376
"ida",3.29907790772479e-05,0.000472968009577924
"idd",0,5.15496468204822e-06
"idi",1.6495389538624e-05,0.000492299127135605
"ido",0,0.000266769422295996
"idu",3.29907790772479e-05,0.000173980058019127
"ie ",0,2.19085998987049e-05
"iea",0,2.57748234102411e-06
"ieb",0,3.47960116038255e-05
"iec",0,0.000158515163972983
"ied",0,5.67046115025304e-05
"iee",0,2.57748234102411e-06
"ief",0,6.05708350140666e-05
"ieg",0,0.000112120481834549
"ieh",0,4.38171997974099e-05
"iej",0,0.000261614457613947
"iek",1.6495389538624e-05,1.93311175576808e-05
"iel",1.6495389538624e-05,0.000189444952065272
"iem",0,4.25284586268978e-05
"ien",1.6495389538624e-05,2.44860822397291e-05
"iep",0,6.83032820371389e-05
"ieq",0,3.35072704333134e-05
"ies",0,8.50569172537957e-05
"iet",0,5.15496468204822e-05
"iew",0,3.60847527743376e-05
"iex",0,9.02118819358439e-06
"iey",0,5.54158703320184e-05
"iez",0,0.000206198587281929
"if ",0,7.73244702307233e-06
"ifa",0,0.000390488574665153
"ife",0,0.000190733693235784
"ifi",0,2.57748234102411e-06
"ifo",0,5.92820938435546e-05
"ifu",0,6.70145408666269e-05
"iga",0.000115467726770368,0.000471679268407412
"ige",0.000230935453540735,0.000242283340056266
"igh",0,9.02118819358439e-06
"ign",0,7.73244702307233e-06
"igo",0.000181449284924863,0.00274244121084965
"igu",4.94861686158719e-05,0.000622461985357323
"iha",0.000115467726770368,0.000309297880922893
"ihe",0.000131963116308992,0.000417552139245906
"iho",8.24769476931198e-05,0.00018815621089476
"ihp",0,1.28874117051206e-06
"ihu",0.000280421622156607,0.000550292479808648
"ihw",0,1.28874117051206e-06
"ihy",0,1.28874117051206e-06
"ij ",0,1.15986705346085e-05
"iji",4.94861686158719e-05,0.0048856177774112
"iju",1.6495389538624e-05,4.76834233089461e-05
"iko",0.000115467726770368,0.000341516410185695
"iku",1.6495389538624e-05,9.15006231063559e-05
"ila",9.89723372317437e-05,0.000211353551963977
"ili",0.00070930175016083,0.00196404154386037
"ilk",0,1.28874117051206e-06
"ilo",4.94861686158719e-05,0.000573489820877865
"ilu",0.000197944674463487,0.000207487328452441
"ilv",0,3.86622351153617e-06
"ilw",1.6495389538624e-05,3.22185292628014e-05
"ima",1.6495389538624e-05,0.000452348150849732
"ime",1.6495389538624e-05,0.000350537598379279
"imi",0.000131963116308992,0.000493587868306117
"imo",0,9.2789364276868e-05
"imu",0,0.000101810552470452
"ina",0.000197944674463487,0.000356981304231839
"inb",3.29907790772479e-05,0.000112120481834549
"inc",0.000131963116308992,0.000641793102915004
"ind",0.000148458505847616,0.000295121728047261
"inf",0,0.00013145159939223
"ing",0.00136911733170579,0.00803014623346062
"ini",4.94861686158719e-05,0.000168825093337079
"inj",0,0.000835104278491812
"inl",1.6495389538624e-05,0.000220374740157562
"inm",1.6495389538624e-05,0.000149493975779398
"inp",0.000148458505847616,0.000220374740157562
"inq",1.6495389538624e-05,0.000117275446516597
"inr",0,7.73244702307233e-06
"ins",0.000296917011695231,0.000301565433899821
"inv",0,3.86622351153617e-06
"inx",0,0.000161092646314007
"iny",0,0.0002886780221947
"inz",1.6495389538624e-05,0.00157999667504778
"iob",0,1.28874117051206e-06
"ion",1.6495389538624e-05,0.000184289987383224
"iot",0,1.28874117051206e-06
"ip ",0,7.73244702307233e-06
"ipa",1.6495389538624e-05,0.000199754881429369
"ipe",0,0.00010052181129994
"ipi",0,0.000625039467698347
"ipo",1.6495389538624e-05,0.000121141670028133
"ipu",1.6495389538624e-05,7.08807643781631e-05
"iqi",0,0.000579933526730425
"iqu",1.6495389538624e-05,0.000421418362757442
"isa",8.24769476931198e-05,0.000127585375880694
"ish",0.000247430843079359,0.00257103863517155
"isi",1.6495389538624e-05,0.000105676775981989
"isl",0,3.86622351153617e-06
"iso",3.29907790772479e-05,6.70145408666269e-05
"iss",0,3.86622351153617e-06
"isu",4.94861686158719e-05,8.37681760832836e-05
"ita",0.000230935453540735,0.000697208973247022
"ito",0.00016495389538624,0.00061472953833425
"itt",1.6495389538624e-05,3.09297880922893e-05
"itu",3.29907790772479e-05,0.000439460739144611
"itz",0,1.28874117051206e-06
"iua",0,1.80423763871688e-05
"iub",0,0.00015078271694991
"iuc",1.6495389538624e-05,0.0004703905272369
"iud",0,0.000247438304738315
"iue",0,7.73244702307233e-06
"iuf",0,6.57257996961148e-05
"iug",1.6495389538624e-05,0.000427862068610002
"iuh",0,0.000244860822397291
"iuj",0,0.00138410801712995
"iuk",0,5.92820938435546e-05
"iul",3.29907790772479e-05,0.0004703905272369
"ium",0,0.000104388034811477
"iun",0,2.96410469217773e-05
"iup",0,0.000112120481834549
"iuq",0,0.000166247610996055
"ius",0,0.000523228915227895
"iut",0,0.000248727045908827
"iuu",0,1.28874117051206e-06
"iuw",0,0.000201043622599881
"iux",0,0.0001817125050422
"iuy",0,0.00027579061048958
"iuz",0,0.000811906937422595
"ivi",0,1.28874117051206e-06
"iw ",0,9.02118819358439e-06
"iwa",1.6495389538624e-05,0.00100006314831736
"iwe",1.6495389538624e-05,0.000164958869825543
"iwo",0,5.92820938435546e-05
"iwu",6.59815581544958e-05,0.00017526879918964
"ix ",0,7.73244702307233e-06
"ixi",0,0.00102454923055708
"ixu",0,6.57257996961148e-05
"iya",0,0.00127456501763642
"iye",0,2.3197341069217e-05
"iyi",0.000296917011695231,0.000621173244186811
"iyo",0,5.41271291615063e-05
"iyu",1.6495389538624e-05,0.000960112172031481
"iz ",0,3.73734939448496e-05
"iza",3.29907790772479e-05,3.99509762858737e-05
"ize",0,5.54158703320184e-05
"izh",1.6495389538624e-05,0.00377987785311186
"izi",0,0.000675300373348317
"izo",0,5.15496468204822e-06
"izu",0,0.000141761528756326
"j",0,3.86622351153617e-06
"j j",0,1.28874117051206e-06
"j l",0,1.28874117051206e-06
"j m",0,2.57748234102411e-06
"j r",0,2.57748234102411e-06
"j x",0,9.02118819358439e-06
"j y",0,3.86622351153617e-06
"j z",0,1.28874117051206e-06
"jai",0,1.28874117051206e-06
"jhu",0,1.28874117051206e-06
"ji ",0.000808274087392574,0.0022875155776589
"jia",1.6495389538624e-05,0.0246987245328635
"jic",0,0.00018815621089476
"jid",0,2.44860822397291e-05
"jie",0,0.000529672621080455
"jif",0,3.86622351153617e-06
"jig",3.29907790772479e-05,7.99019525717474e-05
"jih",1.6495389538624e-05,3.99509762858737e-05
"jij",0,0.000189444952065272
"jik",0,1.15986705346085e-05
"jil",4.94861686158719e-05,7.21695055486751e-05
"jim",1.6495389538624e-05,3.22185292628014e-05
"jin",0.000131963116308992,0.00249242542377032
"jio",0,1.28874117051206e-06
"jip",0,1.80423763871688e-05
"jiq",0,1.54648940461447e-05
"jiu",0,0.000592820938435546
"jiw",0,5.02609056499702e-05
"jix",0,5.54158703320184e-05
"jiz",0,0.00013145159939223
"jji",0,1.28874117051206e-06
"joh",0,3.86622351153617e-06
"jua",0,7.73244702307233e-05
"jub",0,5.15496468204822e-06
"juc",0,2.83523057512652e-05
"jud",0,3.86622351153617e-06
"jue",0,3.47960116038255e-05
"juf",0,7.73244702307233e-06
"juh",0,1.54648940461447e-05
"juj",0,2.70635645807532e-05
"jul",1.6495389538624e-05,1.93311175576808e-05
"jum",0,7.73244702307233e-06
"jun",0.000131963116308992,0.000279656834001116
"jup",0,1.28874117051206e-06
"juq",0,6.44370585256028e-06
"jur",0,2.57748234102411e-06
"jus",0,1.41761528756326e-05
"juw",0,5.15496468204822e-06
"jux",0,9.02118819358439e-06
"juy",0,1.54648940461447e-05
"juz",0,4.51059409679219e-05
"k e",0,1.28874117051206e-06
"k g",0,1.28874117051206e-06
"k y",0,2.57748234102411e-06
"k z",0,1.28874117051206e-06
"kaf",0,2.57748234102411e-06
"kag",0,1.28874117051206e-06
"kaj",0,1.28874117051206e-06
"kan",0.000313412401233855,0.000456214374361268
"kay",0,1.28874117051206e-06
"kaz",0,6.44370585256028e-06
"ke",0,2.57748234102411e-06
"keb",0,2.57748234102411e-06
"kec",0,6.83032820371389e-05
"ked",0,2.57748234102411e-06
"kee",0,1.28874117051206e-06
"kef",0,2.57748234102411e-06
"keg",0,7.73244702307233e-06
"keh",0,1.28874117051206e-06
"kej",0,1.93311175576808e-05
"kek",0,3.86622351153617e-06
"kel",0,4.12397174563858e-05
"kep",0,5.15496468204822e-06
"keq",0,5.15496468204822e-06
"kes",0,3.35072704333134e-05
"kew",0,9.02118819358439e-06
"kex",0,2.57748234102411e-06
"key",0,7.73244702307233e-06
"kez",0,2.19085998987049e-05
"kil",0,2.57748234102411e-06
"kin",0,5.15496468204822e-06
"ko ",3.29907790772479e-05,5.15496468204822e-05
"kon",4.94861686158719e-05,0.000278368092830604
"kou",3.29907790772479e-05,0.000563179891513768
"kro",0,1.28874117051206e-06
"kto",0,1.28874117051206e-06
"ku ",0,3.86622351153617e-06
"kua",0,0.000489721644794581
"kub",0,1.28874117051206e-06
"kuc",0,9.02118819358439e-06
"kuf",0,1.28874117051206e-06
"kug",0,2.57748234102411e-06
"kui",0,3.73734939448496e-05
"kuj",0,3.86622351153617e-06
"kuq",0,7.73244702307233e-06
"kux",0,1.28874117051206e-06
"kuy",0,5.15496468204822e-06
"kvi",0,1.28874117051206e-06
"kwo",0,1.28874117051206e-06
"kyl",0,1.28874117051206e-06
"kyt",0,1.28874117051206e-06
"l a",0,5.15496468204822e-06
"l c",0,5.15496468204822e-06
"l d",0,1.54648940461447e-05
"l e",0,1.28874117051206e-06
"l j",0,9.02118819358439e-06
"l m",0,1.28874117051206e-05
"l p",0,5.15496468204822e-06
"l w",0,1.03099293640964e-05
"l x",0,1.67536352166567e-05
"l y",0,1.28874117051206e-05
"l z",0,1.15986705346085e-05
"lab",0,1.28874117051206e-05
"lad",0,2.57748234102411e-06
"lae",0,1.28874117051206e-06
"laj",0,1.03099293640964e-05
"lao",4.94861686158719e-05,0.00178877274467073
"laq",0,1.28874117051206e-06
"lax",0,3.86622351153617e-06
"laz",0,6.57257996961148e-05
"ldl",0,1.28874117051206e-06
"led",0,5.15496468204822e-06
"lef",0,2.57748234102411e-06
"lei",1.6495389538624e-05,0.000295121728047261
"lej",0,1.28874117051206e-05
"lel",0,9.02118819358439e-06
"leq",0,9.02118819358439e-06
"leu",0,1.28874117051206e-06
"lez",0,2.70635645807532e-05
"lia",0.00016495389538624,0.00343062899590309
"lib",0,0.000134029081733254
"lic",3.29907790772479e-05,0.000489721644794581
"lid",1.6495389538624e-05,0.000219085998987049
"lie",0,3.86622351153617e-05
"lif",0,4.89721644794581e-05
"lig",0.000214440064002111,0.00037631242178952
"lih",1.6495389538624e-05,0.000230684669521658
"lij",1.6495389538624e-05,0.00120626173559928
"lik",3.29907790772479e-05,3.35072704333134e-05
"lil",0,0.000208776069622953
"lim",0,0.000145627752267862
"lin",0.000824769476931198,0.00405051349891939
"lio",0,1.28874117051206e-06
"lip",1.6495389538624e-05,0.0003634250100844
"liq",0,0.00010052181129994
"lir",0,2.06198587281929e-05
"lis",1.6495389538624e-05,0.000291255504535725
"lit",1.6495389538624e-05,0.000213931034305001
"liu",4.94861686158719e-05,0.0044474457794371
"liv",0,1.28874117051206e-06
"liw",0,0.000170113834507591
"lix",0,0.00014433901109735
"liz",1.6495389538624e-05,0.000850569172537957
"lkr",0,1.28874117051206e-06
"lle",0,2.57748234102411e-06
"llm",0,6.44370585256028e-06
"llo",0,2.57748234102411e-06
"llv",0,1.28874117051206e-06
"lob",0,1.28874117051206e-06
"lof",0,1.28874117051206e-06
"lol",0,1.28874117051206e-06
"lon",0.000313412401233855,0.00194986539098474
"lop",0,6.44370585256028e-06
"lou",0,0.000518073950545846
"low",0,6.44370585256028e-06
"ltu",0,2.57748234102411e-06
"ltw",0,1.28874117051206e-06
"lua",0,0.000197177399088344
"lub",0,5.54158703320184e-05
"luc",0,0.000211353551963977
"lud",0,7.60357290602113e-05
"luf",0,1.67536352166567e-05
"lug",3.29907790772479e-05,0.000184289987383224
"luh",0,4.76834233089461e-05
"luj",1.6495389538624e-05,0.000453636892020244
"luk",0,6.57257996961148e-05
"lul",4.94861686158719e-05,8.11906937422595e-05
"lum",0,3.99509762858737e-05
"luo",1.6495389538624e-05,0.00114311341824419
"lup",0,3.99509762858737e-05
"luq",0,4.38171997974099e-05
"lur",0,1.28874117051206e-06
"lus",1.6495389538624e-05,7.21695055486751e-05
"luw",0,7.86132114012354e-05
"lux",0,5.15496468204822e-05
"luy",0,0.000112120481834549
"luz",0,0.000336361445503646
"lve",0,3.86622351153617e-06
"lvg",0,2.57748234102411e-06
"lvi",0,1.28874117051206e-06
"lwa",1.6495389538624e-05,3.22185292628014e-05
"lys",0,1.28874117051206e-06
"m c",0,5.15496468204822e-06
"m f",0,1.28874117051206e-06
"m i",0,7.73244702307233e-06
"m j",0,3.86622351153617e-06
"m p",0,3.86622351153617e-06
"m r",0,1.28874117051206e-06
"m s",0,2.44860822397291e-05
"m w",0,2.57748234102411e-06
"m x",0,3.86622351153617e-06
"m y",0,3.86622351153617e-06
"m z",0,2.57748234102411e-06
"ma",0,7.73244702307233e-06
"mab",0,4.89721644794581e-05
"mac",1.6495389538624e-05,0.000279656834001116
"mad",1.6495389538624e-05,0.000206198587281929
"maf",0,0.000117275446516597
"mag",0.000214440064002111,0.000219085998987049
"mah",4.94861686158719e-05,0.00013145159939223
"maj",0,0.000750047361238016
"mak",0,3.60847527743376e-05
"mal",8.24769476931198e-05,0.000336361445503646
"mam",0,3.99509762858737e-05
"mao",4.94861686158719e-05,0.000855724137220005
"map",0,8.11906937422595e-05
"maq",1.6495389538624e-05,0.000123719152369157
"mas",0.000131963116308992,0.000185578728553736
"mat",0.000148458505847616,0.000284811798683164
"maw",0,0.000115986705346085
"max",0,5.41271291615063e-05
"may",0.000197944674463487,0.000250015787079339
"maz",0,0.000550292479808648
"mec",0,1.28874117051206e-06
"mei",8.24769476931198e-05,0.000230684669521658
"men",0.000197944674463487,0.00126683257061335
"mia",3.29907790772479e-05,0.0033352621492852
"mib",0,2.57748234102411e-06
"mic",0,2.3197341069217e-05
"mid",0,1.28874117051206e-05
"mie",0,9.02118819358439e-06
"mif",0,5.15496468204822e-06
"mig",0,2.19085998987049e-05
"mij",0,5.92820938435546e-05
"mik",0,1.28874117051206e-06
"mim",0,5.15496468204822e-06
"min",0.000214440064002111,0.000454925633190756
"mip",0,2.57748234102411e-06
"miq",0,2.57748234102411e-06
"mit",0,4.51059409679219e-05
"miw",0,7.73244702307233e-06
"mix",0,2.57748234102411e-06
"miz",0,4.12397174563858e-05
"mme",0,2.57748234102411e-06
"mmu",0,2.57748234102411e-06
"moa",0,2.57748234102411e-06
"mob",0,1.03099293640964e-05
"moc",1.6495389538624e-05,2.3197341069217e-05
"mof",0,1.03099293640964e-05
"moj",0,2.44860822397291e-05
"mok",0,3.86622351153617e-06
"mom",0,3.86622351153617e-06
"mop",0,3.22185292628014e-05
"moq",0,6.44370585256028e-06
"mos",8.24769476931198e-05,8.24794349127715e-05
"mot",1.6495389538624e-05,3.99509762858737e-05
"mou",0,4.12397174563858e-05
"mow",0,3.22185292628014e-05
"mox",0,2.57748234102411e-06
"moy",1.6495389538624e-05,1.67536352166567e-05
"moz",0,6.05708350140666e-05
"mp ",0,1.28874117051206e-06
"mpa",0,2.57748234102411e-06
"mpe",0,1.28874117051206e-06
"mpl",0,6.44370585256028e-06
"mps",0,2.57748234102411e-06
"mua",0,5.15496468204822e-06
"mub",0,6.44370585256028e-06
"muc",0,9.15006231063559e-05
"mud",0,6.18595761845787e-05
"muf",0,5.15496468204822e-06
"mug",0,0.000122430411198645
"muj",0,0.000126296634710181
"muk",0,1.41761528756326e-05
"mul",4.94861686158719e-05,5.92820938435546e-05
"mum",0,1.41761528756326e-05
"muq",0,2.19085998987049e-05
"muw",0,2.06198587281929e-05
"mux",0,1.93311175576808e-05
"muy",0,6.57257996961148e-05
"muz",0,9.40781054473801e-05
"n  ",0,5.15496468204822e-06
"n c",1.6495389538624e-05,0.000105676775981989
"n f",0,1.28874117051206e-05
"n i",0,7.86132114012354e-05
"n l",1.6495389538624e-05,7.47469878896992e-05
"n p",1.6495389538624e-05,3.22185292628014e-05
"n q",4.94861686158719e-05,0.000126296634710181
"n r",0,1.54648940461447e-05
"n v",0,2.3197341069217e-05
"n w",1.6495389538624e-05,3.86622351153617e-05
"n x",0,0.000264191939954971
"n y",0,0.000141761528756326
"n z",3.29907790772479e-05,0.000117275446516597
"nac",0,2.57748234102411e-06
"nan",8.24769476931198e-05,0.00488948400092274
"nap",0,1.28874117051206e-06
"naq",0,1.28874117051206e-06
"nax",0,1.28874117051206e-06
"naz",0,2.57748234102411e-06
"nb ",0,3.86622351153617e-06
"nbe",0,0.000173980058019127
"nbi",1.6495389538624e-05,8.63456584243077e-05
"nca",1.6495389538624e-05,0.000193311175576808
"nce",0,6.44370585256028e-06
"nch",0.000676310971083582,0.001389262981812
"nci",0,2.3197341069217e-05
"nco",0,6.44370585256028e-06
"ncp",0,1.28874117051206e-06
"ncu",0,0.0049281462360381
"ndi",0.000494861686158719,0.000762934772943137
"nds",0,2.57748234102411e-06
"nec",0,1.28874117051206e-06
"ner",6.59815581544958e-05,8.50569172537957e-05
"nf ",0,9.02118819358439e-06
"nfa",0,0.000389199833494641
"nfe",0,0.000183001246212712
"nfo",0,2.83523057512652e-05
"nfu",0,6.05708350140666e-05
"ngb",0,0.00125136767656721
"ngc",6.59815581544958e-05,0.00727752138988158
"ngd",0,0.00195373161449628
"ngf",1.6495389538624e-05,0.000976865807248138
"ngg",1.6495389538624e-05,0.00431083921536283
"ngh",0.000775283308315326,0.00234679767150245
"ngj",0,0.00838455005535143
"ngk",0.000214440064002111,0.000644370585256028
"ngl",3.29907790772479e-05,0.00381725134705671
"ngm",1.6495389538624e-05,0.00179135022701176
"ngn",8.24769476931198e-05,0.000606997091311178
"ngo",0.00173201590155552,0.00203621104940905
"ngp",0.00016495389538624,0.00145627752267862
"ngq",0,0.001336424593821
"ngr",0,9.40781054473801e-05
"ngs",9.89723372317437e-05,0.00395256916996047
"ngt",0.000263926232617983,0.00254655255293182
"ngu",8.24769476931198e-05,0.000550292479808648
"ngw",0.000181449284924863,0.0021702401311423
"ngx",0,0.001389262981812
"ngy",1.6495389538624e-05,0.00338036809025312
"ngz",0,0.00878405981821017
"nhe",0.000280421622156607,0.00037631242178952
"nia",3.29907790772479e-05,0.000556736185661208
"nib",0,1.54648940461447e-05
"nie",0,9.79443289589162e-05
"nif",0,1.28874117051206e-06
"nig",0,7.08807643781631e-05
"nij",0,3.60847527743376e-05
"nin",4.94861686158719e-05,0.000250015787079339
"niq",0,1.41761528756326e-05
"nis",0,2.57748234102411e-06
"niu",4.94861686158719e-05,0.000780977149330306
"niv",0,3.86622351153617e-06
"niw",1.6495389538624e-05,2.70635645807532e-05
"nix",0,1.28874117051206e-06
"niz",1.6495389538624e-05,2.19085998987049e-05
"nj ",0,9.02118819358439e-06
"nji",0.000346403180311103,0.00532636725772633
"nju",1.6495389538624e-05,5.28383879909943e-05
"nke",3.29907790772479e-05,3.86622351153617e-05
"nko",9.89723372317437e-05,0.000417552139245906
"nl ",0,1.93311175576808e-05
"nla",3.29907790772479e-05,0.000119852928857621
"nle",0,4.76834233089461e-05
"nli",1.6495389538624e-05,0.00136735438191329
"nlo",0,0.000479411715430485
"nlu",0,0.000141761528756326
"nlv",0,1.28874117051206e-06
"nm ",0,1.03099293640964e-05
"nma",8.24769476931198e-05,0.000313164104434429
"nme",0,0.000171402575678103
"nmi",0,0.000569623597366328
"nmu",0,5.67046115025304e-05
"nna",6.59815581544958e-05,0.000135317822903766
"nne",0,5.15496468204822e-06
"nni",8.24769476931198e-05,0.000132740340562742
"noa",0,3.86622351153617e-06
"nod",0,1.28874117051206e-06
"non",8.24769476931198e-05,9.53668466178921e-05
"nos",0,1.28874117051206e-06
"np ",0,6.44370585256028e-06
"npe",1.6495389538624e-05,8.50569172537957e-05
"npi",3.29907790772479e-05,0.000386622351153617
"npo",0,0.000113409223005061
"npu",3.29907790772479e-05,3.86622351153617e-05
"nqi",0,0.000688187785053438
"nqu",0,0.000264191939954971
"nra",0,5.15496468204822e-06
"nre",0,5.79933526730425e-05
"nro",0,9.02118819358439e-06
"nru",0,1.41761528756326e-05
"nsh",0.000362898569849727,0.00204780971994366
"nsi",1.6495389538624e-05,0.000109542999493525
"nsm",0,3.09297880922893e-05
"nso",3.29907790772479e-05,6.31483173550907e-05
"nsq",0,3.86622351153617e-06
"nst",0,1.28874117051206e-06
"nsu",9.89723372317437e-05,0.00010052181129994
"ntl",0,1.28874117051206e-06
"ntr",0,3.09297880922893e-05
"ntu",0.000296917011695231,0.000626328208868859
"ntz",0,6.44370585256028e-06
"nua",0,5.02609056499702e-05
"nup",0,1.28874117051206e-06
"nuq",0,2.57748234102411e-06
"nuw",0,3.86622351153617e-06
"nuz",0,5.15496468204822e-06
"nve",0,6.44370585256028e-06
"nw ",0,1.15986705346085e-05
"nwa",0,0.000882787701800758
"nwi",0,1.28874117051206e-06
"nwo",3.29907790772479e-05,3.86622351153617e-05
"nx ",0,2.19085998987049e-05
"nxi",0,0.000912428748722535
"nxu",0,6.57257996961148e-05
"ny ",1.6495389538624e-05,3.47960116038255e-05
"nya",0,0.000936914830962264
"nye",0,2.83523057512652e-05
"nyi",0,0.00078355463167133
"nyo",1.6495389538624e-05,4.89721644794581e-05
"nyu",3.29907790772479e-05,0.000414974656904882
"nz ",0,4.12397174563858e-05
"nze",0,5.41271291615063e-05
"nzh",0.000263926232617983,0.00612667552461431
"nzi",0,0.000616018279504763
"nzo",0,1.28874117051206e-05
"nzu",4.94861686158719e-05,0.000123719152369157
"o  ",0,5.15496468204822e-06
"o f",0,6.44370585256028e-06
"o p",0,7.73244702307233e-06
"o w",0,1.80423763871688e-05
"o x",0,3.22185292628014e-05
"o y",0,3.22185292628014e-05
"o z",1.6495389538624e-05,2.19085998987049e-05
"oa ",0,1.15986705346085e-05
"oac",0,1.28874117051206e-06
"oai",0,1.28874117051206e-06
"oan",0,6.18595761845787e-05
"oas",0,1.28874117051206e-06
"oba",0,0.000230684669521658
"obe",0,0.000121141670028133
"obl",0,1.28874117051206e-06
"obs",0,1.28874117051206e-06
"oca",0,9.79443289589162e-05
"oce",0,5.15496468204822e-06
"och",0.000445375517542847,0.000708807643781631
"oci",0,1.41761528756326e-05
"ock",0,1.28874117051206e-06
"oco",0,3.86622351153617e-06
"ocu",0,0.00206971831984236
"oda",1.6495389538624e-05,0.000128874117051206
"odi",8.24769476931198e-05,0.000435594515633075
"odu",0,5.54158703320184e-05
"odw",0,1.28874117051206e-06
"oec",0,1.28874117051206e-06
"oep",0,1.28874117051206e-06
"of ",0,2.57748234102411e-06
"ofa",0,0.000173980058019127
"ofe",0,0.000119852928857621
"ofi",0,9.02118819358439e-06
"ofo",0,7.73244702307233e-06
"oft",0,1.28874117051206e-06
"ofu",0,2.3197341069217e-05
"oga",8.24769476931198e-05,0.000186867469724248
"oge",4.94861686158719e-05,0.00022552970483961
"ogu",1.6495389538624e-05,0.000381467386471568
"oha",4.94861686158719e-05,0.000130162858221718
"ohe",3.29907790772479e-05,0.000278368092830604
"ohn",0,3.86622351153617e-06
"ohu",4.94861686158719e-05,0.000405953468711297
"oin",0,2.57748234102411e-05
"oji",4.94861686158719e-05,0.00375539177087213
"oke",1.6495389538624e-05,4.12397174563858e-05
"oko",0.000197944674463487,0.000242283340056266
"oli",0.000857760256008446,0.00104645783045579
"oll",0,2.57748234102411e-06
"olu",4.94861686158719e-05,0.000180423763871688
"oma",4.94861686158719e-05,0.000201043622599881
"ome",3.29907790772479e-05,7.08807643781631e-05
"omi",0.000214440064002111,0.000300276692729309
"omm",0,5.15496468204822e-06
"omu",1.6495389538624e-05,3.47960116038255e-05
"ona",0.000115467726770368,0.000219085998987049
"onf",0,1.28874117051206e-06
"ong",0.0019959421341735,0.013411929361519
"ons",0,1.28874117051206e-06
"onv",0,2.57748234102411e-06
"oo ",0,2.57748234102411e-06
"ood",0,1.28874117051206e-06
"oom",0,1.28874117051206e-06
"oos",0,1.28874117051206e-06
"oou",0,1.28874117051206e-06
"ooy",0,2.57748234102411e-06
"op ",0,1.03099293640964e-05
"ope",0,4.51059409679219e-05
"oph",0,1.28874117051206e-06
"opi",1.6495389538624e-05,0.000355692563061327
"opl",0,1.28874117051206e-06
"opm",0,6.44370585256028e-06
"opt",0,1.28874117051206e-06
"oqi",0,0.000293832986876749
"oqu",0,0.000176557540360152
"ora",0,2.57748234102411e-06
"osh",0.000511357075697343,0.00140859409936968
"osi",0,6.05708350140666e-05
"osp",0,2.57748234102411e-06
"osu",1.6495389538624e-05,3.86622351153617e-05
"ota",0.000148458505847616,0.000438171997974099
"ote",0.000263926232617983,0.000433017033292051
"otu",4.94861686158719e-05,0.000318319069116478
"ou ",0,7.73244702307233e-06
"oua",0,3.47960116038255e-05
"oub",0,0.000208776069622953
"ouc",0,0.00269475778754071
"oud",0,0.000404664727540785
"oue",0,2.19085998987049e-05
"ouf",0,0.000368579974766448
"oug",0,0.00052065143288687
"ouh",0,0.000306720398581869
"ouj",0,0.000826083090298228
"ouk",0,0.000478122974259973
"oul",0,0.000653391773449612
"oum",0,0.000605708350140666
"oun",0,0.00038275612764208
"oup",0,0.000185578728553736
"ouq",0,0.000157226422802471
"ous",0,0.000467813044895876
"out",3.29907790772479e-05,0.000314452845604942
"ouw",0,0.000335072704333134
"oux",0,0.00022552970483961
"ouy",1.6495389538624e-05,0.000550292479808648
"ouz",0,0.000974288324907114
"ow ",0,1.54648940461447e-05
"owa",0,0.000743603655385456
"owe",9.89723372317437e-05,0.000108254258323013
"own",0,1.54648940461447e-05
"owo",0,3.60847527743376e-05
"ox ",0,1.28874117051206e-05
"oxi",0,0.000596687161947082
"oxu",0,3.86622351153617e-05
"oya",4.94861686158719e-05,0.000653391773449612
"oye",3.29907790772479e-05,5.54158703320184e-05
"oyi",1.6495389538624e-05,0.000387911092324129
"oyu",8.24769476931198e-05,0.000634060655891931
"oz ",0,2.83523057512652e-05
"oza",0,1.54648940461447e-05
"ozh",4.94861686158719e-05,0.00339841046664029
"ozi",0,0.000362136268913888
"ozo",0,5.15496468204822e-06
"ozu",0,7.86132114012354e-05
"p a",0,1.28874117051206e-06
"p b",0,1.28874117051206e-06
"p d",0,5.15496468204822e-06
"p e",0,1.28874117051206e-06
"p g",0,3.86622351153617e-06
"p h",0,3.86622351153617e-06
"p j",0,1.28874117051206e-06
"p l",0,2.57748234102411e-06
"p m",0,1.28874117051206e-06
"p q",0,1.28874117051206e-06
"p t",0,1.03099293640964e-05
"p x",0,3.86622351153617e-06
"p y",0,5.15496468204822e-06
"p z",0,1.03099293640964e-05
"pa ",0,1.28874117051206e-05
"pab",0,7.73244702307233e-06
"pac",0,9.02118819358439e-06
"pad",0,1.28874117051206e-06
"pah",0,2.57748234102411e-06
"pai",3.29907790772479e-05,0.000112120481834549
"pan",0.000131963116308992,0.00109542999493525
"pap",0,2.57748234102411e-06
"paz",0,6.44370585256028e-06
"pe ",1.6495389538624e-05,0.000104388034811477
"pea",0,9.02118819358439e-06
"pei",0,0.000152071458120423
"pen",8.24769476931198e-05,0.000576067303218889
"peo",0,3.86622351153617e-06
"pet",0,1.28874117051206e-06
"phe",0,1.28874117051206e-06
"phi",0,1.28874117051206e-06
"pho",0,1.28874117051206e-06
"pia",0,0.000114697964175573
"pib",0,1.28874117051206e-06
"pid",0,5.15496468204822e-06
"pif",0,1.28874117051206e-06
"pig",0,2.3197341069217e-05
"pij",0,1.41761528756326e-05
"pik",0,1.28874117051206e-06
"pin",9.89723372317437e-05,0.00379276526481698
"pip",0,1.80423763871688e-05
"pis",0,3.86622351153617e-06
"pit",0,1.03099293640964e-05
"piw",0,6.44370585256028e-06
"pix",0,2.57748234102411e-06
"piy",0,5.15496468204822e-06
"piz",0,2.19085998987049e-05
"pl ",0,7.73244702307233e-06
"pla",0,5.02609056499702e-05
"ple",0,2.57748234102411e-06
"pme",0,5.15496468204822e-06
"poa",0,3.86622351153617e-06
"pob",0,1.03099293640964e-05
"poc",0,0.000273213128148556
"pod",0,7.73244702307233e-05
"pof",0,6.44370585256028e-06
"pog",0,6.70145408666269e-05
"poh",0,1.15986705346085e-05
"poi",0,2.57748234102411e-05
"pok",0,6.44370585256028e-06
"pol",4.94861686158719e-05,7.86132114012354e-05
"pom",0,5.15496468204822e-06
"pon",0,6.44370585256028e-06
"pop",0,1.93311175576808e-05
"poq",0,6.44370585256028e-06
"pos",3.29907790772479e-05,6.44370585256028e-05
"pot",6.59815581544958e-05,6.83032820371389e-05
"pow",0,1.93311175576808e-05
"pox",0,1.54648940461447e-05
"poy",0,2.96410469217773e-05
"poz",0,0.00010052181129994
"pso",0,1.28874117051206e-06
"pst",0,1.28874117051206e-06
"pth",0,1.28874117051206e-06
"pub",0,6.44370585256028e-06
"puc",9.89723372317437e-05,0.000126296634710181
"pud",0,7.73244702307233e-06
"puf",0,1.28874117051206e-06
"pug",0,1.03099293640964e-05
"pum",0,7.73244702307233e-06
"pup",0,1.28874117051206e-06
"puq",0,6.44370585256028e-06
"pur",0,2.57748234102411e-06
"puw",0,1.80423763871688e-05
"pux",0,1.54648940461447e-05
"puy",1.6495389538624e-05,3.35072704333134e-05
"puz",0,4.6394682138434e-05
"q d",0,5.15496468204822e-06
"q p",0,1.28874117051206e-06
"q q",0,3.86622351153617e-06
"q r",0,2.57748234102411e-06
"q s",0,1.03099293640964e-05
"q t",0,1.28874117051206e-06
"q w",0,2.57748234102411e-06
"q x",0,1.41761528756326e-05
"q z",0,2.57748234102411e-06
"qi ",0,4.25284586268978e-05
"qia",0,0.00502866804733804
"qib",0,3.22185292628014e-05
"qic",0,9.66555877884042e-05
"qid",0,4.6394682138434e-05
"qie",0,1.80423763871688e-05
"qif",0,1.15986705346085e-05
"qig",0,8.63456584243077e-05
"qih",0,4.25284586268978e-05
"qij",0,0.000186867469724248
"qik",0,1.54648940461447e-05
"qil",0,0.00026934690463702
"qim",0,3.22185292628014e-05
"qin",1.6495389538624e-05,0.00164056751006185
"qio",0,1.28874117051206e-06
"qip",0,2.70635645807532e-05
"qiq",0,2.44860822397291e-05
"qis",0,7.47469878896992e-05
"qit",0,2.83523057512652e-05
"qiu",0,0.000305431657411357
"qiw",0,2.3197341069217e-05
"qix",0,2.70635645807532e-05
"qiy",0,9.15006231063559e-05
"qiz",0,9.40781054473801e-05
"qu",0,2.57748234102411e-06
"qu ",0,6.44370585256028e-06
"qua",1.6495389538624e-05,0.00181841379159251
"qub",0,9.02118819358439e-06
"quc",0,0.000189444952065272
"qud",0,2.06198587281929e-05
"que",0,5.15496468204822e-05
"quf",0,2.19085998987049e-05
"qug",0,3.22185292628014e-05
"quh",0,1.93311175576808e-05
"quj",0,0.000119852928857621
"quk",0,5.15496468204822e-06
"qul",0,3.73734939448496e-05
"qum",0,7.73244702307233e-06
"qun",0,1.93311175576808e-05
"qup",0,3.86622351153617e-06
"quq",0,6.44370585256028e-06
"qus",0,1.41761528756326e-05
"qut",0,2.96410469217773e-05
"quw",0,1.80423763871688e-05
"qux",0,1.15986705346085e-05
"quy",0,2.70635645807532e-05
"quz",0,6.70145408666269e-05
"r  ",0,1.28874117051206e-06
"r f",0,1.28874117051206e-06
"r l",0,5.15496468204822e-06
"r p",0,6.44370585256028e-06
"r r",0,6.44370585256028e-06
"r v",0,1.28874117051206e-06
"r w",0,1.28874117051206e-06
"r x",0,1.03099293640964e-05
"rad",0,9.02118819358439e-06
"raf",0,2.57748234102411e-06
"rao",0,2.83523057512652e-05
"rbi",0,3.86622351153617e-06
"rce",0,1.28874117051206e-06
"rci",0,2.57748234102411e-06
"rcl",0,1.28874117051206e-06
"rco",0,6.44370585256028e-06
"rcu",1.6495389538624e-05,0.00010052181129994
"rda",4.94861686158719e-05,0.000190733693235784
"rdu",1.6495389538624e-05,2.06198587281929e-05
"rec",0,2.57748234102411e-06
"red",0,2.57748234102411e-06
"ref",0,1.28874117051206e-06
"ren",0.000280421622156607,0.000657257996961148
"rfa",0,3.86622351153617e-06
"rfe",0,6.44370585256028e-06
"rfu",0,5.15496468204822e-06
"rio",0,1.28874117051206e-06
"rip",0,1.28874117051206e-06
"rix",0,1.28874117051206e-06
"riz",0,1.93311175576808e-05
"rju",0,1.28874117051206e-06
"rko",0,3.86622351153617e-06
"rkv",0,1.28874117051206e-06
"rla",4.94861686158719e-05,7.08807643781631e-05
"rm ",0,1.28874117051206e-06
"rna",3.29907790772479e-05,7.34582467191872e-05
"ron",4.94861686158719e-05,9.15006231063559e-05
"roo",0,1.28874117051206e-06
"rop",0,5.15496468204822e-06
"rou",0,2.57748234102411e-06
"row",0,1.28874117051206e-05
"rp ",0,1.28874117051206e-06
"rpa",0,9.02118819358439e-06
"rpe",0,5.15496468204822e-06
"rpi",0,2.06198587281929e-05
"rpl",0,2.57748234102411e-06
"rpu",0,3.86622351153617e-06
"rqi",0,7.73244702307233e-06
"rqu",0,5.15496468204822e-06
"rso",0,3.86622351153617e-06
"rua",0,3.47960116038255e-05
"ruf",0,1.28874117051206e-06
"rui",0,1.93311175576808e-05
"ruj",0,1.54648940461447e-05
"ruo",0,7.73244702307233e-06
"rup",0,2.57748234102411e-06
"ruq",0,3.86622351153617e-06
"ruy",0,1.93311175576808e-05
"rv ",0,1.28874117051206e-06
"rwa",0,2.70635645807532e-05
"rwe",0,1.28874117051206e-06
"rwo",0,3.86622351153617e-06
"rwu",0,3.86622351153617e-06
"rxi",0,1.67536352166567e-05
"rys",0,1.28874117051206e-06
"rze",0,1.28874117051206e-06
"rzu",0,7.73244702307233e-06
"s  ",0,1.28874117051206e-06
"s c",0,2.57748234102411e-06
"s f",0,2.57748234102411e-06
"s i",0,2.57748234102411e-06
"s l",0,5.15496468204822e-06
"s m",0,2.57748234102411e-06
"s p",0,3.86622351153617e-06
"s r",0,6.44370585256028e-06
"s s",1.6495389538624e-05,1.93311175576808e-05
"s w",0,1.80423763871688e-05
"s x",0,2.57748234102411e-06
"s y",0,7.73244702307233e-06
"s z",0,5.15496468204822e-06
"sad",0,5.15496468204822e-06
"sae",0,1.28874117051206e-06
"saf",0,1.28874117051206e-06
"saj",0,1.28874117051206e-06
"san",0.00115467726770368,0.00204007727292058
"sao",1.6495389538624e-05,1.80423763871688e-05
"sas",0,1.28874117051206e-06
"saw",0,1.28874117051206e-06
"sch",0,5.15496468204822e-06
"sea",0,5.15496468204822e-06
"sec",0,3.86622351153617e-06
"seq",0,3.86622351153617e-06
"ses",0,5.15496468204822e-06
"seu",0,1.28874117051206e-06
"sha",0.00760437457730564,0.0115303672525714
"she",0.000115467726770368,0.0016676310746426
"shi",0.00344753641357241,0.00536502949284169
"shu",0.0015175758375534,0.00490237141262786
"sib",0,2.83523057512652e-05
"sic",0,0.000195888657917832
"sid",0,0.000136606564074278
"sie",0,2.44860822397291e-05
"sif",0,2.57748234102411e-05
"sig",4.94861686158719e-05,0.000180423763871688
"sih",0,0.000135317822903766
"sij",6.59815581544958e-05,0.000117275446516597
"sim",0,7.99019525717474e-05
"sio",0,2.57748234102411e-06
"sip",0,5.54158703320184e-05
"siq",0,3.35072704333134e-05
"sir",0,5.15496468204822e-06
"sis",0,0.000109542999493525
"sit",3.29907790772479e-05,9.15006231063559e-05
"siw",0,3.73734939448496e-05
"six",0,3.22185292628014e-05
"siz",0,0.000132740340562742
"sky",0,2.57748234102411e-06
"sla",0,3.86622351153617e-06
"sli",0,1.28874117051206e-06
"smi",0,3.09297880922893e-05
"sof",0,1.03099293640964e-05
"soh",0,1.28874117051206e-06
"son",0.000329907790772479,0.00122301537081594
"sop",0,1.28874117051206e-06
"sou",0,1.28874117051206e-05
"spa",0,2.57748234102411e-06
"sph",0,1.28874117051206e-06
"spi",0,1.28874117051206e-06
"squ",0,1.67536352166567e-05
"ssa",0,1.28874117051206e-06
"sso",0,1.28874117051206e-06
"sst",0,2.57748234102411e-06
"stl",0,2.57748234102411e-06
"stu",0,2.57748234102411e-06
"stw",0,1.28874117051206e-06
"sua",0,4.89721644794581e-05
"suf",0,7.73244702307233e-06
"sui",3.29907790772479e-05,6.18595761845787e-05
"sun",0.000263926232617983,0.000996196924805819
"suo",3.29907790772479e-05,0.000152071458120423
"suq",0,1.03099293640964e-05
"sus",0,1.41761528756326e-05
"sux",0,1.28874117051206e-05
"swi",0,2.57748234102411e-06
"t f",0,2.57748234102411e-06
"t i",0,1.28874117051206e-06
"t l",0,2.57748234102411e-06
"t p",0,2.57748234102411e-06
"t r",0,5.15496468204822e-06
"t x",0,5.15496468204822e-06
"tac",1.6495389538624e-05,0.000213931034305001
"tad",0,1.54648940461447e-05
"tai",0.000395889348926975,0.00129905109987615
"taj",0,9.02118819358439e-06
"tan",0.000412384738465599,0.00249371416494083
"tao",0.000461870907081471,0.000778399666989282
"taq",0,1.28874117051206e-05
"tax",0,9.02118819358439e-06
"taz",0,3.99509762858737e-05
"teb",0,1.28874117051206e-06
"th ",0,1.41761528756326e-05
"the",0,7.73244702307233e-06
"tho",0,1.28874117051206e-06
"thw",0,2.57748234102411e-06
"tia",0,0.00157999667504778
"tid",0,2.57748234102411e-06
"tie",3.29907790772479e-05,0.000399509762858737
"tif",0,1.28874117051206e-06
"tih",0,5.15496468204822e-06
"tij",0,7.73244702307233e-06
"tik",0,7.73244702307233e-06
"til",0,2.57748234102411e-06
"tim",0,1.28874117051206e-05
"tip",0,2.57748234102411e-06
"tiq",0,1.28874117051206e-06
"tit",0,6.44370585256028e-06
"tiv",0,1.28874117051206e-06
"tiz",0,2.44860822397291e-05
"tl ",0,1.28874117051206e-06
"tle",0,1.28874117051206e-06
"ton",0.000181449284924863,0.00065854673813166
"too",0,2.57748234102411e-06
"tou",3.29907790772479e-05,0.000891808889994342
"tow",0,2.19085998987049e-05
"tr ",0,1.28874117051206e-06
"tra",4.94861686158719e-05,6.18595761845787e-05
"tre",0,2.3197341069217e-05
"tro",0,9.02118819358439e-06
"tsa",0,1.28874117051206e-06
"tso",0,1.28874117051206e-06
"tsp",0,1.28874117051206e-06
"tte",1.6495389538624e-05,3.22185292628014e-05
"tua",0,0.000674011632177805
"tuc",0,7.21695055486751e-05
"tud",1.6495389538624e-05,8.63456584243077e-05
"tuf",0,9.02118819358439e-06
"tuo",1.6495389538624e-05,0.000229395928351146
"tup",0,6.57257996961148e-05
"tuq",0,4.12397174563858e-05
"tuw",0,3.35072704333134e-05
"tux",0,9.02118819358439e-06
"tuz",0,5.28383879909943e-05
"twa",0,2.57748234102411e-06
"twi",0,1.28874117051206e-06
"two",0,1.28874117051206e-06
"tyl",0,1.28874117051206e-06
"tz ",0,1.28874117051206e-06
"u p",0,9.02118819358439e-06
"u x",0,4.6394682138434e-05
"u y",1.6495389538624e-05,3.47960116038255e-05
"ua ",0,0.0002886780221947
"uaa",0,9.02118819358439e-06
"uab",0,4.89721644794581e-05
"uac",0,0.000278368092830604
"uad",0,4.12397174563858e-05
"uae",0,7.73244702307233e-06
"uaf",0,1.67536352166567e-05
"uag",0,0.000108254258323013
"uah",0,1.67536352166567e-05
"uai",0,0.000447193186167683
"uaj",0,8.89231407653318e-05
"ual",0,0.000121141670028133
"uam",0,4.76834233089461e-05
"uan",8.24769476931198e-05,0.0339957033369375
"uap",0,6.31483173550907e-05
"uaq",0,2.06198587281929e-05
"uar",0,1.93311175576808e-05
"uas",0,0.000157226422802471
"uat",1.6495389538624e-05,5.67046115025304e-05
"uaw",0,3.35072704333134e-05
"uax",0,1.15986705346085e-05
"uay",0,0.000264191939954971
"uaz",0,0.000152071458120423
"ube",1.6495389538624e-05,0.000114697964175573
"ubl",0,7.73244702307233e-06
"uca",0,0.000166247610996055
"uce",0,3.86622351153617e-06
"uch",0.000511357075697343,0.00102326048938657
"uci",0,5.15496468204822e-06
"ucu",0,0.00463560199033186
"udi",0.000148458505847616,0.000521940174057382
"udo",6.59815581544958e-05,0.000217797257816537
"uea",0,1.28874117051206e-06
"ueb",0,1.41761528756326e-05
"uec",0,9.40781054473801e-05
"uee",0,1.41761528756326e-05
"uef",0,1.15986705346085e-05
"ueg",1.6495389538624e-05,6.05708350140666e-05
"uej",0,0.000257748234102411
"uek",0,5.15496468204822e-06
"uel",1.6495389538624e-05,6.9592023207651e-05
"uep",0,5.15496468204822e-06
"ueq",0,1.41761528756326e-05
"ues",3.29907790772479e-05,5.15496468204822e-05
"uet",0,5.54158703320184e-05
"uew",0,3.09297880922893e-05
"uex",0,1.15986705346085e-05
"uez",0,0.000172691316848615
"uf ",0,6.44370585256028e-06
"ufa",0,0.000430439550951027
"ufe",0,0.000118564187687109
"ufo",0,1.03099293640964e-05
"ufu",0,4.6394682138434e-05
"uge",0.000197944674463487,0.000246149563567803
"ugo",6.59815581544958e-05,0.00139570668766456
"ugu",0.000181449284924863,0.000509052762352262
"uhu",0.000230935453540735,0.000350537598379279
"uia",0,1.15986705346085e-05
"uib",0,7.08807643781631e-05
"uic",1.6495389538624e-05,0.000304142916240845
"uid",0,9.79443289589162e-05
"uie",0,3.86622351153617e-06
"uif",0,2.70635645807532e-05
"uig",0,0.000268058163466508
"uih",1.6495389538624e-05,0.000148205234608886
"uij",1.6495389538624e-05,0.000421418362757442
"uik",1.6495389538624e-05,0.000483277938942021
"uil",1.6495389538624e-05,0.000206198587281929
"uim",0,0.000128874117051206
"uip",0,7.21695055486751e-05
"uiq",1.6495389538624e-05,0.000235839634203706
"uir",0,1.15986705346085e-05
"uis",1.6495389538624e-05,0.000117275446516597
"uit",0.000131963116308992,0.000215219775475513
"uiw",0,0.000106965517152501
"uix",0,5.02609056499702e-05
"uiy",3.29907790772479e-05,0.000256459492931899
"uiz",0,0.000317030327945966
"uja",0,1.28874117051206e-06
"uji",0.000956732593240189,0.00577613792623503
"uju",1.6495389538624e-05,3.47960116038255e-05
"uko",3.29907790772479e-05,0.000826083090298228
"uli",0.000461870907081471,0.00165603240410799
"ull",0,6.44370585256028e-06
"ulo",0,0.000626328208868859
"uma",8.24769476931198e-05,0.000220374740157562
"ume",0.000247430843079359,0.000619884503016299
"umi",0.000131963116308992,0.000229395928351146
"umo",0,1.41761528756326e-05
"una",0.000280421622156607,0.000418840880416418
"unc",3.29907790772479e-05,0.000538693809274039
"unf",0,2.83523057512652e-05
"unj",1.6495389538624e-05,0.000491010385965093
"unl",0,0.000162381387484519
"unp",4.94861686158719e-05,5.28383879909943e-05
"unr",0,3.86622351153617e-06
"uns",9.89723372317437e-05,0.000179135022701176
"unw",1.6495389538624e-05,8.50569172537957e-05
"unx",0,3.99509762858737e-05
"uny",1.6495389538624e-05,0.000164958869825543
"unz",6.59815581544958e-05,0.000431728292121539
"uoa",0,2.83523057512652e-05
"uob",0,7.86132114012354e-05
"uoc",0,0.000491010385965093
"uod",0,0.00015078271694991
"uof",0,5.92820938435546e-05
"uog",1.6495389538624e-05,0.000177846281530664
"uoh",3.29907790772479e-05,9.2789364276868e-05
"uoj",0,0.000875055254777686
"uok",3.29907790772479e-05,3.86622351153617e-05
"uol",0,0.00027579061048958
"uom",1.6495389538624e-05,5.67046115025304e-05
"uon",0,1.54648940461447e-05
"uop",8.24769476931198e-05,0.00010052181129994
"uoq",0,8.50569172537957e-05
"uor",0,1.28874117051206e-06
"uos",3.29907790772479e-05,0.000317030327945966
"uot",0.000115467726770368,0.000185578728553736
"uow",0,8.37681760832836e-05
"uox",0,8.89231407653318e-05
"uoy",0,0.000247438304738315
"uoz",0,0.000661124220472685
"up ",0,5.15496468204822e-06
"upe",1.6495389538624e-05,0.000136606564074278
"upi",0,0.000405953468711297
"upo",0,2.70635645807532e-05
"uqi",0,0.000414974656904882
"uqu",0,0.000257748234102411
"urp",0,2.57748234102411e-06
"ush",0.00148458505847616,0.00175784295657844
"usi",4.94861686158719e-05,7.08807643781631e-05
"uso",0,3.86622351153617e-05
"uth",0,6.44370585256028e-06
"uto",1.6495389538624e-05,0.000402087245199761
"uua",0,1.28874117051206e-06
"uw ",0,1.28874117051206e-05
"uwa",0,0.000791287078694402
"uwe",0,8.89231407653318e-05
"uwo",0,1.54648940461447e-05
"uwu",1.6495389538624e-05,6.44370585256028e-05
"ux ",0,9.02118819358439e-06
"uxi",0,0.000760357290602113
"uxu",0,5.28383879909943e-05
"uya",0.000445375517542847,0.000623750726527835
"uyi",8.24769476931198e-05,0.000576067303218889
"uyo",1.6495389538624e-05,2.3197341069217e-05
"uyu",3.29907790772479e-05,0.000663701702813709
"uza",0,2.96410469217773e-05
"uze",1.6495389538624e-05,2.44860822397291e-05
"uzh",0.000379393959388351,0.00376699044140674
"uzi",0,0.000283523057512652
"uzo",0,2.57748234102411e-06
"uzu",3.29907790772479e-05,0.000141761528756326
"vd ",0,7.73244702307233e-06
"ven",0,3.86622351153617e-06
"vic",0,1.28874117051206e-06
"vie",0,1.28874117051206e-05
"vil",0,5.15496468204822e-06
"vl ",0,2.19085998987049e-05
"voi",0,2.57748234102411e-06
"w a",0,1.28874117051206e-06
"w b",0,5.15496468204822e-06
"w c",0,1.28874117051206e-06
"w d",0,5.15496468204822e-06
"w f",0,3.86622351153617e-06
"w g",0,1.03099293640964e-05
"w h",0,6.44370585256028e-06
"w k",0,2.57748234102411e-06
"w l",0,3.86622351153617e-06
"w m",0,2.57748234102411e-06
"w n",0,1.28874117051206e-06
"w p",0,1.28874117051206e-06
"w r",0,1.28874117051206e-06
"w s",0,1.41761528756326e-05
"w t",0,1.28874117051206e-06
"w w",0,2.57748234102411e-06
"w x",0,9.02118819358439e-06
"w y",0,5.15496468204822e-06
"w z",0,2.57748234102411e-06
"wa ",1.6495389538624e-05,7.86132114012354e-05
"wab",0,3.86622351153617e-06
"wac",0,0.000173980058019127
"wad",0,3.60847527743376e-05
"waf",0,0.00014433901109735
"wag",0,3.35072704333134e-05
"wah",0,5.15496468204822e-06
"wai",0,6.57257996961148e-05
"waj",0,9.02118819358439e-06
"wak",0,3.86622351153617e-06
"wam",0,1.41761528756326e-05
"wan",8.24769476931198e-05,0.00736773327181742
"wap",0,1.54648940461447e-05
"waq",0,1.41761528756326e-05
"war",0,6.44370585256028e-06
"was",0,1.93311175576808e-05
"wat",0,1.41761528756326e-05
"waw",0,8.63456584243077e-05
"wax",0,5.15496468204822e-06
"way",0,0.000117275446516597
"waz",0,9.66555877884042e-05
"we ",0,5.79933526730425e-05
"wef",0,1.28874117051206e-06
"wei",0,0.00113538097122112
"wen",0.000461870907081471,0.000634060655891931
"wer",0,2.57748234102411e-06
"wes",1.6495389538624e-05,2.83523057512652e-05
"whi",0,1.28874117051206e-06
"wid",0,1.28874117051206e-06
"wil",0,1.28874117051206e-06
"win",0,1.28874117051206e-06
"wis",0,2.57748234102411e-06
"wn ",0,1.03099293640964e-05
"wne",0,1.28874117051206e-06
"wns",0,1.28874117051206e-06
"wnt",0,2.57748234102411e-06
"wo ",0,1.28874117051206e-06
"wob",0,7.73244702307233e-06
"woc",0,4.38171997974099e-05
"wod",0,1.54648940461447e-05
"wof",0,2.57748234102411e-06
"wog",0,4.76834233089461e-05
"woh",0,1.28874117051206e-05
"woj",0,2.57748234102411e-06
"wok",0,2.57748234102411e-06
"wol",3.29907790772479e-05,7.99019525717474e-05
"won",0,1.67536352166567e-05
"wop",3.29907790772479e-05,0.000291255504535725
"woq",0,2.57748234102411e-06
"wor",0,1.03099293640964e-05
"wos",0,1.15986705346085e-05
"wot",0,2.70635645807532e-05
"wow",0,7.73244702307233e-06
"wox",0,2.57748234102411e-06
"woy",0,1.67536352166567e-05
"woz",0,3.47960116038255e-05
"wso",0,1.28874117051206e-06
"wua",0,1.41761528756326e-05
"wub",0,3.47960116038255e-05
"wuc",9.89723372317437e-05,0.000342805151356207
"wud",0,0.00017526879918964
"wuf",0,5.15496468204822e-05
"wug",0,0.000159803905143495
"wuh",6.59815581544958e-05,8.37681760832836e-05
"wuj",1.6495389538624e-05,0.000622461985357323
"wuk",0,1.93311175576808e-05
"wum",1.6495389538624e-05,5.92820938435546e-05
"wup",0,2.57748234102411e-05
"wuq",0,5.92820938435546e-05
"wur",0,3.86622351153617e-06
"wus",9.89723372317437e-05,0.000126296634710181
"wut",3.29907790772479e-05,0.000126296634710181
"wuw",0,2.57748234102411e-05
"wux",0,7.73244702307233e-05
"wuy",1.6495389538624e-05,0.000108254258323013
"wuz",0,0.000368579974766448
"wyn",0,3.86622351153617e-06
"x a",0,1.54648940461447e-05
"x b",0,2.57748234102411e-06
"x c",0,3.86622351153617e-06
"x d",0,5.15496468204822e-06
"x e",0,1.28874117051206e-06
"x g",0,9.02118819358439e-06
"x h",0,1.15986705346085e-05
"x i",0,1.28874117051206e-06
"x j",0,1.28874117051206e-06
"x l",0,3.86622351153617e-06
"x m",0,1.28874117051206e-06
"x n",0,1.28874117051206e-06
"x o",0,1.28874117051206e-06
"x q",0,5.15496468204822e-06
"x s",0,9.02118819358439e-06
"x t",0,3.86622351153617e-06
"x w",0,2.57748234102411e-06
"x x",0,1.15986705346085e-05
"x y",0,6.44370585256028e-06
"x z",0,5.15496468204822e-06
"xc ",0,5.15496468204822e-06
"xec",0,1.28874117051206e-06
"xhi",0,1.28874117051206e-06
"xht",0,1.28874117051206e-06
"xi",0,2.57748234102411e-06
"xi ",0,6.83032820371389e-05
"xia",3.29907790772479e-05,0.009032786864119
"xib",0,0.000208776069622953
"xic",0,0.000555447444490696
"xid",0,0.000207487328452441
"xie",0,0.000440749480315123
"xif",0,0.000106965517152501
"xig",0,0.000793864561035426
"xih",0,0.000399509762858737
"xij",0,0.000261614457613947
"xik",0,4.51059409679219e-05
"xil",0,0.000594109679606058
"xim",0,0.000212642293134489
"xin",0,0.00431728292121539
"xio",0,0.000106965517152501
"xip",0,0.000235839634203706
"xiq",0,0.000105676775981989
"xir",0,1.80423763871688e-05
"xis",0,0.000541271291615063
"xit",0,0.000234550893033194
"xiu",0,7.99019525717474e-05
"xiw",0,0.000399509762858737
"xix",0,0.000264191939954971
"xiy",0,0.000509052762352262
"xiz",0,0.000594109679606058
"xu",0,2.57748234102411e-06
"xu ",0,9.02118819358439e-06
"xua",0,0.000128874117051206
"xub",0,1.28874117051206e-05
"xuc",0,7.34582467191872e-05
"xud",0,3.60847527743376e-05
"xue",0,0.000496165350647141
"xuf",0,6.44370585256028e-06
"xug",0,6.57257996961148e-05
"xuh",0,2.83523057512652e-05
"xuj",0,0.0004703905272369
"xuk",0,7.73244702307233e-06
"xul",0,8.89231407653318e-05
"xum",0,3.35072704333134e-05
"xun",0,6.9592023207651e-05
"xup",0,1.41761528756326e-05
"xuq",0,2.3197341069217e-05
"xur",0,1.28874117051206e-06
"xus",0,2.96410469217773e-05
"xut",0,3.99509762858737e-05
"xuw",0,3.09297880922893e-05
"xux",0,1.41761528756326e-05
"xuy",0,6.18595761845787e-05
"xuz",0,0.00023197341069217
"y l",0,1.28874117051206e-05
"y p",0,3.86622351153617e-06
"y w",0,1.28874117051206e-06
"y x",0,2.70635645807532e-05
"ya",0,2.57748234102411e-06
"yac",1.6495389538624e-05,0.00013789530524479
"yad",0,6.83032820371389e-05
"yae",0,1.03099293640964e-05
"yaf",0,2.57748234102411e-06
"yah",3.29907790772479e-05,5.41271291615063e-05
"yaj",0,6.44370585256028e-06
"yak",1.6495389538624e-05,2.96410469217773e-05
"yan",0.00209491447140524,0.00682259575669082
"yao",4.94861686158719e-05,0.00201172496716932
"yap",0,7.73244702307233e-06
"yaq",0,1.15986705346085e-05
"yat",6.59815581544958e-05,7.34582467191872e-05
"yaw",0,3.73734939448496e-05
"yax",0,2.06198587281929e-05
"yay",0,6.57257996961148e-05
"yaz",0,0.000146916493438374
"yea",0,1.28874117051206e-06
"yeb",0,1.28874117051206e-05
"yec",0,3.99509762858737e-05
"yed",0,1.03099293640964e-05
"yef",0,1.28874117051206e-06
"yeg",0,3.60847527743376e-05
"yeh",1.6495389538624e-05,2.70635645807532e-05
"yej",0,8.89231407653318e-05
"yek",0,7.73244702307233e-06
"yel",3.29907790772479e-05,4.51059409679219e-05
"yem",3.29907790772479e-05,5.41271291615063e-05
"yep",0,1.15986705346085e-05
"yeq",0,1.15986705346085e-05
"yet",0,2.3197341069217e-05
"yew",0,1.28874117051206e-05
"yex",0,6.44370585256028e-06
"yey",0,2.06198587281929e-05
"yez",0,7.21695055486751e-05
"yia",0,9.02118819358439e-06
"yib",0,1.15986705346085e-05
"yic",0,0.000491010385965093
"yid",0,4.12397174563858e-05
"yie",0,3.86622351153617e-06
"yif",0,1.80423763871688e-05
"yig",0,3.99509762858737e-05
"yij",0,9.66555877884042e-05
"yik",0,1.03099293640964e-05
"yil",0,4.38171997974099e-05
"yim",0,4.51059409679219e-05
"yin",0.000412384738465599,0.00470777149588054
"yip",0,1.41761528756326e-05
"yiq",0,1.54648940461447e-05
"yir",0,2.57748234102411e-06
"yis",0,4.76834233089461e-05
"yit",0,4.12397174563858e-05
"yiw",0,2.57748234102411e-05
"yix",0,3.47960116038255e-05
"yiy",0,1.80423763871688e-05
"yiz",0,0.000126296634710181
"yon",4.94861686158719e-05,0.000311875363263917
"you",1.6495389538624e-05,0.000500031574158678
"yst",0,1.28874117051206e-06
"yua",0,0.00455183381424858
"yub",0,4.25284586268978e-05
"yuc",0,0.000315741586775454
"yud",0,7.99019525717474e-05
"yue",1.6495389538624e-05,0.000430439550951027
"yuf",0,1.93311175576808e-05
"yug",1.6495389538624e-05,0.00019459991674732
"yuh",0,0.00018815621089476
"yuj",0,0.000380178645301056
"yuk",1.6495389538624e-05,0.000141761528756326
"yul",1.6495389538624e-05,0.000237128375374218
"yun",3.29907790772479e-05,0.000248727045908827
"yup",0,3.99509762858737e-05
"yuq",0,4.51059409679219e-05
"yus",0.000131963116308992,0.000226818446010122
"yut",4.94861686158719e-05,9.02118819358439e-05
"yuw",0,5.67046115025304e-05
"yux",0,4.12397174563858e-05
"yuy",3.29907790772479e-05,7.08807643781631e-05
"yuz",0,0.000206198587281929
"z a",0,3.86622351153617e-06
"z c",0,3.86622351153617e-06
"z d",0,1.67536352166567e-05
"z e",0,2.57748234102411e-06
"z f",0,1.28874117051206e-06
"z g",0,6.31483173550907e-05
"z h",0,1.93311175576808e-05
"z j",0,3.86622351153617e-06
"z k",0,1.28874117051206e-06
"z l",0,3.86622351153617e-06
"z m",0,3.86622351153617e-06
"z n",0,6.44370585256028e-06
"z p",0,2.57748234102411e-06
"z q",0,9.02118819358439e-06
"z r",0,2.57748234102411e-06
"z s",0,3.22185292628014e-05
"z t",0,6.44370585256028e-06
"z w",0,7.73244702307233e-06
"z x",0,1.80423763871688e-05
"z y",0,1.03099293640964e-05
"z z",0,1.03099293640964e-05
"zai",0,1.67536352166567e-05
"zak",0,1.28874117051206e-06
"zan",0,7.21695055486751e-05
"zao",0,0.000481989197771509
"zax",0,1.28874117051206e-06
"zeb",0,3.86622351153617e-06
"zec",0,9.40781054473801e-05
"zeg",0,3.73734939448496e-05
"zeh",0,9.02118819358439e-06
"zej",0,2.57748234102411e-06
"zek",0,7.73244702307233e-06
"zel",0,1.67536352166567e-05
"zem",0,9.02118819358439e-06
"zen",0,0.000118564187687109
"zep",0,1.41761528756326e-05
"zeq",0,3.86622351153617e-06
"zes",0,2.19085998987049e-05
"zet",0,1.15986705346085e-05
"zew",0,1.28874117051206e-05
"zex",0,1.28874117051206e-06
"zey",0,1.28874117051206e-05
"zez",0,1.03099293640964e-05
"zha",0.0028207116111047,0.0112571541244228
"zhe",0.00125364960493542,0.00171531449795155
"zhi",0.000445375517542847,0.000529672621080455
"zho",0.000362898569849727,0.0025865035292177
"zhu",0.00255678537848671,0.024803112567675
"zia",0,1.41761528756326e-05
"zib",0,8.63456584243077e-05
"zic",0,0.000466524303725364
"zid",0,5.92820938435546e-05
"zif",0,2.96410469217773e-05
"zig",0,0.000581222267900937
"zih",0,9.2789364276868e-05
"zij",0,8.63456584243077e-05
"zik",0,8.76343995948198e-05
"zil",0,0.000176557540360152
"zim",0,3.22185292628014e-05
"zip",0,0.000208776069622953
"ziq",0,3.22185292628014e-05
"zir",0,3.86622351153617e-06
"zis",0,0.000164958869825543
"zit",0,0.000152071458120423
"ziw",0,0.000127585375880694
"zix",0,3.47960116038255e-05
"ziy",0,0.000273213128148556
"ziz",0,0.000106965517152501
"zo ",0,1.28874117051206e-06
"zon",0,9.79443289589162e-05
"zou",0,0.000117275446516597
"zuc",0,6.44370585256028e-06
"zud",0,5.15496468204822e-06
"zug",0,2.57748234102411e-06
"zui",0,0.000253882010590875
"zuj",0,3.86622351153617e-06
"zum",0,6.44370585256028e-06
"zuo",0,0.000202332363770393
"zuq",0,6.44370585256028e-06
"zus",0,2.70635645807532e-05
"zux",0,3.86622351153617e-06
"zuz",0,7.73244702307233e-06
